
/Users/adam/Desktop/Gamecube script maker/build/pico_tas_playback.elf:     file format elf32-littlearm

Sections:
Idx Name          Size      VMA       LMA       File off  Algn
  0 .boot2        00000100  10000000  10000000  00001000  2**0
                  CONTENTS, ALLOC, LOAD, READONLY, CODE
  1 .text         00002824  10000100  10000100  00001100  2**3
                  CONTENTS, ALLOC, LOAD, READONLY, CODE
  2 .rodata       0000013c  10002924  10002924  00003924  2**2
                  CONTENTS, ALLOC, LOAD, READONLY, DATA
  3 .bindata      00000070  10002a60  10002a60  00003a60  2**2
                  CONTENTS, ALLOC, LOAD, READONLY, DATA
  4 .binary_info  0000001c  10002ad0  10002ad0  00003ad0  2**2
                  CONTENTS, ALLOC, LOAD, READONLY, DATA
  5 .ram_vector_table 000000c0  20000000  20000000  00005000  2**2
                  ALLOC
  6 .uninitialized_data 00000000  200000c0  200000c0  00004800  2**0
                  CONTENTS
  7 .data         00000740  200000c0  10002aec  000040c0  2**4
                  CONTENTS, ALLOC, LOAD, READONLY, CODE
  8 .tdata        00000000  20000800  20000800  00004800  2**0
                  CONTENTS, ALLOC, LOAD, DATA, THREAD_LOCAL
  9 .tbss         00000000  20000800  20000800  00000000  2**0
                  ALLOC, THREAD_LOCAL
 10 .bss          00000594  20000800  1000322c  00004800  2**3
                  ALLOC
 11 .heap         00000800  20000d94  1000322c  00004d94  2**2
                  ALLOC, READONLY
 12 .scratch_x    00000000  20040000  20040000  00004800  2**0
                  CONTENTS
 13 .scratch_y    00000000  20041000  20041000  00004800  2**0
                  CONTENTS
 14 .stack_dummy  00000800  20041000  20041000  00005000  2**5
                  ALLOC, READONLY
 15 .ARM.attributes 00000028  00000000  00000000  00004800  2**0
                  CONTENTS, READONLY
 16 .comment      00000046  00000000  00000000  00004828  2**0
                  CONTENTS, READONLY
 17 .debug_info   000208cc  00000000  00000000  0000486e  2**0
                  CONTENTS, READONLY, DEBUGGING, OCTETS
 18 .debug_abbrev 00005a3c  00000000  00000000  0002513a  2**0
                  CONTENTS, READONLY, DEBUGGING, OCTETS
 19 .debug_loclists 00012955  00000000  00000000  0002ab76  2**0
                  CONTENTS, READONLY, DEBUGGING, OCTETS
 20 .debug_aranges 00000ff0  00000000  00000000  0003d4d0  2**3
                  CONTENTS, READONLY, DEBUGGING, OCTETS
 21 .debug_rnglists 0000322a  00000000  00000000  0003e4c0  2**0
                  CONTENTS, READONLY, DEBUGGING, OCTETS
 22 .debug_line   000188d1  00000000  00000000  000416ea  2**0
                  CONTENTS, READONLY, DEBUGGING, OCTETS
 23 .debug_str    00005469  00000000  00000000  00059fbb  2**0
                  CONTENTS, READONLY, DEBUGGING, OCTETS
 24 .debug_frame  0000227c  00000000  00000000  0005f424  2**2
                  CONTENTS, READONLY, DEBUGGING, OCTETS
 25 .debug_line_str 000002be  00000000  00000000  000616a0  2**0
                  CONTENTS, READONLY, DEBUGGING, OCTETS

/Users/adam/Desktop/Gamecube script maker/build/pico_tas_playback.elf:     file format elf32-littlearm


Disassembly of section .boot2:

10000000 <__boot2_start__>:
10000000:	4b32b500 	.word	0x4b32b500
10000004:	60582021 	.word	0x60582021
10000008:	21026898 	.word	0x21026898
1000000c:	60984388 	.word	0x60984388
10000010:	611860d8 	.word	0x611860d8
10000014:	4b2e6158 	.word	0x4b2e6158
10000018:	60992100 	.word	0x60992100
1000001c:	61592102 	.word	0x61592102
10000020:	22f02101 	.word	0x22f02101
10000024:	492b5099 	.word	0x492b5099
10000028:	21016019 	.word	0x21016019
1000002c:	20356099 	.word	0x20356099
10000030:	f844f000 	.word	0xf844f000
10000034:	42902202 	.word	0x42902202
10000038:	2106d014 	.word	0x2106d014
1000003c:	f0006619 	.word	0xf0006619
10000040:	6e19f834 	.word	0x6e19f834
10000044:	66192101 	.word	0x66192101
10000048:	66182000 	.word	0x66182000
1000004c:	f000661a 	.word	0xf000661a
10000050:	6e19f82c 	.word	0x6e19f82c
10000054:	6e196e19 	.word	0x6e196e19
10000058:	f0002005 	.word	0xf0002005
1000005c:	2101f82f 	.word	0x2101f82f
10000060:	d1f94208 	.word	0xd1f94208
10000064:	60992100 	.word	0x60992100
10000068:	6019491b 	.word	0x6019491b
1000006c:	60592100 	.word	0x60592100
10000070:	481b491a 	.word	0x481b491a
10000074:	21016001 	.word	0x21016001
10000078:	21eb6099 	.word	0x21eb6099
1000007c:	21a06619 	.word	0x21a06619
10000080:	f0006619 	.word	0xf0006619
10000084:	2100f812 	.word	0x2100f812
10000088:	49166099 	.word	0x49166099
1000008c:	60014814 	.word	0x60014814
10000090:	60992101 	.word	0x60992101
10000094:	2800bc01 	.word	0x2800bc01
10000098:	4700d000 	.word	0x4700d000
1000009c:	49134812 	.word	0x49134812
100000a0:	c8036008 	.word	0xc8036008
100000a4:	8808f380 	.word	0x8808f380
100000a8:	b5034708 	.word	0xb5034708
100000ac:	20046a99 	.word	0x20046a99
100000b0:	d0fb4201 	.word	0xd0fb4201
100000b4:	42012001 	.word	0x42012001
100000b8:	bd03d1f8 	.word	0xbd03d1f8
100000bc:	6618b502 	.word	0x6618b502
100000c0:	f7ff6618 	.word	0xf7ff6618
100000c4:	6e18fff2 	.word	0x6e18fff2
100000c8:	bd026e18 	.word	0xbd026e18
100000cc:	40020000 	.word	0x40020000
100000d0:	18000000 	.word	0x18000000
100000d4:	00070000 	.word	0x00070000
100000d8:	005f0300 	.word	0x005f0300
100000dc:	00002221 	.word	0x00002221
100000e0:	180000f4 	.word	0x180000f4
100000e4:	a0002022 	.word	0xa0002022
100000e8:	10000100 	.word	0x10000100
100000ec:	e000ed08 	.word	0xe000ed08
	...
100000fc:	7a4eb274 	.word	0x7a4eb274

Disassembly of section .text:

10000100 <__VECTOR_TABLE>:
10000100:	20042000 	.word	0x20042000
10000104:	100001f7 	.word	0x100001f7
10000108:	100001cb 	.word	0x100001cb
1000010c:	100001cd 	.word	0x100001cd
10000110:	100001c9 	.word	0x100001c9
10000114:	100001c9 	.word	0x100001c9
10000118:	100001c9 	.word	0x100001c9
1000011c:	100001c9 	.word	0x100001c9
10000120:	100001c9 	.word	0x100001c9
10000124:	100001c9 	.word	0x100001c9
10000128:	100001c9 	.word	0x100001c9
1000012c:	100001cf 	.word	0x100001cf
10000130:	100001c9 	.word	0x100001c9
10000134:	100001c9 	.word	0x100001c9
10000138:	100001d1 	.word	0x100001d1
1000013c:	100001d3 	.word	0x100001d3
10000140:	100001c1 	.word	0x100001c1
10000144:	100001c1 	.word	0x100001c1
10000148:	100001c1 	.word	0x100001c1
1000014c:	100001c1 	.word	0x100001c1
10000150:	100001c1 	.word	0x100001c1
10000154:	100001c1 	.word	0x100001c1
10000158:	100001c1 	.word	0x100001c1
1000015c:	100001c1 	.word	0x100001c1
10000160:	100001c1 	.word	0x100001c1
10000164:	100001c1 	.word	0x100001c1
10000168:	100001c1 	.word	0x100001c1
1000016c:	100001c1 	.word	0x100001c1
10000170:	100001c1 	.word	0x100001c1
10000174:	100001c1 	.word	0x100001c1
10000178:	100001c1 	.word	0x100001c1
1000017c:	100001c1 	.word	0x100001c1
10000180:	100001c1 	.word	0x100001c1
10000184:	100001c1 	.word	0x100001c1
10000188:	100001c1 	.word	0x100001c1
1000018c:	100001c1 	.word	0x100001c1
10000190:	100001c1 	.word	0x100001c1
10000194:	100001c1 	.word	0x100001c1
10000198:	100001c1 	.word	0x100001c1
1000019c:	100001c1 	.word	0x100001c1
100001a0:	100001c1 	.word	0x100001c1
100001a4:	100001c1 	.word	0x100001c1
100001a8:	100001c1 	.word	0x100001c1
100001ac:	100001c1 	.word	0x100001c1
100001b0:	100001c1 	.word	0x100001c1
100001b4:	100001c1 	.word	0x100001c1
100001b8:	100001c1 	.word	0x100001c1
100001bc:	100001c1 	.word	0x100001c1

100001c0 <__unhandled_user_irq>:
100001c0:	f3ef 8005 	mrs	r0, IPSR
100001c4:	3810      	subs	r0, #16

100001c6 <unhandled_user_irq_num_in_r0>:
100001c6:	be00      	bkpt	0x0000

100001c8 <isr_invalid>:
100001c8:	be00      	bkpt	0x0000

100001ca <isr_nmi>:
100001ca:	be00      	bkpt	0x0000

100001cc <isr_hardfault>:
100001cc:	be00      	bkpt	0x0000

100001ce <isr_svcall>:
100001ce:	be00      	bkpt	0x0000

100001d0 <isr_pendsv>:
100001d0:	be00      	bkpt	0x0000

100001d2 <isr_systick>:
100001d2:	be00      	bkpt	0x0000

100001d4 <__default_isrs_end>:
100001d4:	7188ebf2 	.word	0x7188ebf2
100001d8:	10002ad0 	.word	0x10002ad0
100001dc:	10002aec 	.word	0x10002aec
100001e0:	10000238 	.word	0x10000238
100001e4:	e71aa390 	.word	0xe71aa390

100001e8 <_entry_point>:
100001e8:	481e      	ldr	r0, [pc, #120]	@ (10000264 <data_cpy_table+0x2c>)

100001ea <_enter_vtable_in_r0>:
100001ea:	491f      	ldr	r1, [pc, #124]	@ (10000268 <data_cpy_table+0x30>)
100001ec:	6008      	str	r0, [r1, #0]
100001ee:	c806      	ldmia	r0!, {r1, r2}
100001f0:	f381 8808 	msr	MSP, r1
100001f4:	4710      	bx	r2

100001f6 <_reset_handler>:
100001f6:	481d      	ldr	r0, [pc, #116]	@ (1000026c <data_cpy_table+0x34>)
100001f8:	6800      	ldr	r0, [r0, #0]
100001fa:	2800      	cmp	r0, #0
100001fc:	d001      	beq.n	10000202 <hold_non_core0_in_bootrom+0x4>

100001fe <hold_non_core0_in_bootrom>:
100001fe:	4819      	ldr	r0, [pc, #100]	@ (10000264 <data_cpy_table+0x2c>)
10000200:	e7f3      	b.n	100001ea <_enter_vtable_in_r0>
10000202:	a40d      	add	r4, pc, #52	@ (adr r4, 10000238 <data_cpy_table>)
10000204:	cc0e      	ldmia	r4!, {r1, r2, r3}
10000206:	2900      	cmp	r1, #0
10000208:	d002      	beq.n	10000210 <hold_non_core0_in_bootrom+0x12>
1000020a:	f000 f812 	bl	10000232 <data_cpy>
1000020e:	e7f9      	b.n	10000204 <hold_non_core0_in_bootrom+0x6>
10000210:	4917      	ldr	r1, [pc, #92]	@ (10000270 <data_cpy_table+0x38>)
10000212:	4a18      	ldr	r2, [pc, #96]	@ (10000274 <data_cpy_table+0x3c>)
10000214:	2000      	movs	r0, #0
10000216:	e000      	b.n	1000021a <bss_fill_test>

10000218 <bss_fill_loop>:
10000218:	c101      	stmia	r1!, {r0}

1000021a <bss_fill_test>:
1000021a:	4291      	cmp	r1, r2
1000021c:	d1fc      	bne.n	10000218 <bss_fill_loop>

1000021e <platform_entry>:
1000021e:	4916      	ldr	r1, [pc, #88]	@ (10000278 <data_cpy_table+0x40>)
10000220:	4788      	blx	r1
10000222:	4916      	ldr	r1, [pc, #88]	@ (1000027c <data_cpy_table+0x44>)
10000224:	4788      	blx	r1
10000226:	4916      	ldr	r1, [pc, #88]	@ (10000280 <data_cpy_table+0x48>)
10000228:	4788      	blx	r1
1000022a:	be00      	bkpt	0x0000
1000022c:	e7fd      	b.n	1000022a <platform_entry+0xc>

1000022e <data_cpy_loop>:
1000022e:	c901      	ldmia	r1!, {r0}
10000230:	c201      	stmia	r2!, {r0}

10000232 <data_cpy>:
10000232:	429a      	cmp	r2, r3
10000234:	d3fb      	bcc.n	1000022e <data_cpy_loop>
10000236:	4770      	bx	lr

10000238 <data_cpy_table>:
10000238:	10002aec 	.word	0x10002aec
1000023c:	200000c0 	.word	0x200000c0
10000240:	20000800 	.word	0x20000800
10000244:	1000322c 	.word	0x1000322c
10000248:	20040000 	.word	0x20040000
1000024c:	20040000 	.word	0x20040000
10000250:	1000322c 	.word	0x1000322c
10000254:	20041000 	.word	0x20041000
10000258:	20041000 	.word	0x20041000
1000025c:	00000000 	.word	0x00000000
10000260:	4770      	bx	lr
10000262:	0000      	.short	0x0000
10000264:	00000000 	.word	0x00000000
10000268:	e000ed08 	.word	0xe000ed08
1000026c:	d0000000 	.word	0xd0000000
10000270:	20000800 	.word	0x20000800
10000274:	20000d94 	.word	0x20000d94
10000278:	10001aed 	.word	0x10001aed
1000027c:	100002d5 	.word	0x100002d5
10000280:	10001ae5 	.word	0x10001ae5

10000284 <_init>:
10000284:	b5f8      	push	{r3, r4, r5, r6, r7, lr}
10000286:	46c0      	nop			@ (mov r8, r8)

10000288 <register_tm_clones>:
10000288:	4806      	ldr	r0, [pc, #24]	@ (100002a4 <register_tm_clones+0x1c>)
1000028a:	4907      	ldr	r1, [pc, #28]	@ (100002a8 <register_tm_clones+0x20>)
1000028c:	1a09      	subs	r1, r1, r0
1000028e:	108b      	asrs	r3, r1, #2
10000290:	0fc9      	lsrs	r1, r1, #31
10000292:	18c9      	adds	r1, r1, r3
10000294:	b510      	push	{r4, lr}
10000296:	1049      	asrs	r1, r1, #1
10000298:	d003      	beq.n	100002a2 <register_tm_clones+0x1a>
1000029a:	4b04      	ldr	r3, [pc, #16]	@ (100002ac <register_tm_clones+0x24>)
1000029c:	2b00      	cmp	r3, #0
1000029e:	d000      	beq.n	100002a2 <register_tm_clones+0x1a>
100002a0:	4798      	blx	r3
100002a2:	bd10      	pop	{r4, pc}
100002a4:	20000800 	.word	0x20000800
100002a8:	20000800 	.word	0x20000800
100002ac:	00000000 	.word	0x00000000

100002b0 <frame_dummy>:
100002b0:	4b05      	ldr	r3, [pc, #20]	@ (100002c8 <frame_dummy+0x18>)
100002b2:	b510      	push	{r4, lr}
100002b4:	2b00      	cmp	r3, #0
100002b6:	d003      	beq.n	100002c0 <frame_dummy+0x10>
100002b8:	4904      	ldr	r1, [pc, #16]	@ (100002cc <frame_dummy+0x1c>)
100002ba:	4805      	ldr	r0, [pc, #20]	@ (100002d0 <frame_dummy+0x20>)
100002bc:	e000      	b.n	100002c0 <frame_dummy+0x10>
100002be:	bf00      	nop
100002c0:	f7ff ffe2 	bl	10000288 <register_tm_clones>
100002c4:	bd10      	pop	{r4, pc}
100002c6:	46c0      	nop			@ (mov r8, r8)
100002c8:	00000000 	.word	0x00000000
100002cc:	20000d60 	.word	0x20000d60
100002d0:	10002924 	.word	0x10002924

100002d4 <main>:
100002d4:	b5f0      	push	{r4, r5, r6, r7, lr}
100002d6:	46de      	mov	lr, fp
100002d8:	4657      	mov	r7, sl
100002da:	464e      	mov	r6, r9
100002dc:	4645      	mov	r5, r8
100002de:	b5e0      	push	{r5, r6, r7, lr}
100002e0:	2700      	movs	r7, #0
100002e2:	4bb3      	ldr	r3, [pc, #716]	@ (100005b0 <main+0x2dc>)
100002e4:	b091      	sub	sp, #68	@ 0x44
100002e6:	9303      	str	r3, [sp, #12]
100002e8:	801f      	strh	r7, [r3, #0]
100002ea:	4bb2      	ldr	r3, [pc, #712]	@ (100005b4 <main+0x2e0>)
100002ec:	201c      	movs	r0, #28
100002ee:	469b      	mov	fp, r3
100002f0:	601f      	str	r7, [r3, #0]
100002f2:	f000 faeb 	bl	100008cc <gpio_init>
100002f6:	23d0      	movs	r3, #208	@ 0xd0
100002f8:	2280      	movs	r2, #128	@ 0x80
100002fa:	061b      	lsls	r3, r3, #24
100002fc:	0552      	lsls	r2, r2, #21
100002fe:	629a      	str	r2, [r3, #40]	@ 0x28
10000300:	2101      	movs	r1, #1
10000302:	2200      	movs	r2, #0
10000304:	201c      	movs	r0, #28
10000306:	f000 facd 	bl	100008a4 <gpio_set_pulls>
1000030a:	4dab      	ldr	r5, [pc, #684]	@ (100005b8 <main+0x2e4>)
1000030c:	2064      	movs	r0, #100	@ 0x64
1000030e:	2100      	movs	r1, #0
10000310:	f000 fe78 	bl	10001004 <sleep_us>
10000314:	2106      	movs	r1, #6
10000316:	201c      	movs	r0, #28
10000318:	f000 faaa 	bl	10000870 <gpio_set_function>
1000031c:	49a7      	ldr	r1, [pc, #668]	@ (100005bc <main+0x2e8>)
1000031e:	0028      	movs	r0, r5
10000320:	f001 fd92 	bl	10001e48 <pio_add_program>
10000324:	2380      	movs	r3, #128	@ 0x80
10000326:	025b      	lsls	r3, r3, #9
10000328:	930a      	str	r3, [sp, #40]	@ 0x28
1000032a:	0003      	movs	r3, r0
1000032c:	3310      	adds	r3, #16
1000032e:	01c2      	lsls	r2, r0, #7
10000330:	031b      	lsls	r3, r3, #12
10000332:	4313      	orrs	r3, r2
10000334:	930b      	str	r3, [sp, #44]	@ 0x2c
10000336:	23c0      	movs	r3, #192	@ 0xc0
10000338:	031b      	lsls	r3, r3, #12
1000033a:	930c      	str	r3, [sp, #48]	@ 0x30
1000033c:	4ba0      	ldr	r3, [pc, #640]	@ (100005c0 <main+0x2ec>)
1000033e:	4ea1      	ldr	r6, [pc, #644]	@ (100005c4 <main+0x2f0>)
10000340:	469a      	mov	sl, r3
10000342:	0004      	movs	r4, r0
10000344:	2210      	movs	r2, #16
10000346:	6030      	str	r0, [r6, #0]
10000348:	a90a      	add	r1, sp, #40	@ 0x28
1000034a:	0018      	movs	r0, r3
1000034c:	970d      	str	r7, [sp, #52]	@ 0x34
1000034e:	f001 fb83 	bl	10001a58 <__wrap___aeabi_memcpy>
10000352:	23a0      	movs	r3, #160	@ 0xa0
10000354:	4652      	mov	r2, sl
10000356:	02db      	lsls	r3, r3, #11
10000358:	6013      	str	r3, [r2, #0]
1000035a:	2289      	movs	r2, #137	@ 0x89
1000035c:	4651      	mov	r1, sl
1000035e:	4b9a      	ldr	r3, [pc, #616]	@ (100005c8 <main+0x2f4>)
10000360:	0412      	lsls	r2, r2, #16
10000362:	608a      	str	r2, [r1, #8]
10000364:	60cb      	str	r3, [r1, #12]
10000366:	0028      	movs	r0, r5
10000368:	4653      	mov	r3, sl
1000036a:	0022      	movs	r2, r4
1000036c:	2100      	movs	r1, #0
1000036e:	f001 fda5 	bl	10001ebc <pio_sm_init>
10000372:	2201      	movs	r2, #1
10000374:	682b      	ldr	r3, [r5, #0]
10000376:	4313      	orrs	r3, r2
10000378:	602b      	str	r3, [r5, #0]
1000037a:	ab07      	add	r3, sp, #28
1000037c:	4699      	mov	r9, r3
1000037e:	4b93      	ldr	r3, [pc, #588]	@ (100005cc <main+0x2f8>)
10000380:	9304      	str	r3, [sp, #16]
10000382:	4b93      	ldr	r3, [pc, #588]	@ (100005d0 <main+0x2fc>)
10000384:	9305      	str	r3, [sp, #20]
10000386:	2280      	movs	r2, #128	@ 0x80
10000388:	4c8b      	ldr	r4, [pc, #556]	@ (100005b8 <main+0x2e4>)
1000038a:	0052      	lsls	r2, r2, #1
1000038c:	6863      	ldr	r3, [r4, #4]
1000038e:	001f      	movs	r7, r3
10000390:	4017      	ands	r7, r2
10000392:	4213      	tst	r3, r2
10000394:	d1fa      	bne.n	1000038c <main+0xb8>
10000396:	23ff      	movs	r3, #255	@ 0xff
10000398:	6a22      	ldr	r2, [r4, #32]
1000039a:	4013      	ands	r3, r2
1000039c:	2b40      	cmp	r3, #64	@ 0x40
1000039e:	d100      	bne.n	100003a2 <main+0xce>
100003a0:	e0d8      	b.n	10000554 <main+0x280>
100003a2:	2b41      	cmp	r3, #65	@ 0x41
100003a4:	d037      	beq.n	10000416 <main+0x142>
100003a6:	2b00      	cmp	r3, #0
100003a8:	d122      	bne.n	100003f0 <main+0x11c>
100003aa:	2501      	movs	r5, #1
100003ac:	2006      	movs	r0, #6
100003ae:	2100      	movs	r1, #0
100003b0:	f000 fe28 	bl	10001004 <sleep_us>
100003b4:	6823      	ldr	r3, [r4, #0]
100003b6:	2100      	movs	r1, #0
100003b8:	43ab      	bics	r3, r5
100003ba:	6023      	str	r3, [r4, #0]
100003bc:	6832      	ldr	r2, [r6, #0]
100003be:	4653      	mov	r3, sl
100003c0:	3206      	adds	r2, #6
100003c2:	487d      	ldr	r0, [pc, #500]	@ (100005b8 <main+0x2e4>)
100003c4:	f001 fd7a 	bl	10001ebc <pio_sm_init>
100003c8:	2180      	movs	r1, #128	@ 0x80
100003ca:	6823      	ldr	r3, [r4, #0]
100003cc:	4a7a      	ldr	r2, [pc, #488]	@ (100005b8 <main+0x2e4>)
100003ce:	432b      	orrs	r3, r5
100003d0:	6023      	str	r3, [r4, #0]
100003d2:	0249      	lsls	r1, r1, #9
100003d4:	6853      	ldr	r3, [r2, #4]
100003d6:	420b      	tst	r3, r1
100003d8:	d1fc      	bne.n	100003d4 <main+0x100>
100003da:	2180      	movs	r1, #128	@ 0x80
100003dc:	4b7d      	ldr	r3, [pc, #500]	@ (100005d4 <main+0x300>)
100003de:	0249      	lsls	r1, r1, #9
100003e0:	6113      	str	r3, [r2, #16]
100003e2:	4a75      	ldr	r2, [pc, #468]	@ (100005b8 <main+0x2e4>)
100003e4:	6853      	ldr	r3, [r2, #4]
100003e6:	420b      	tst	r3, r1
100003e8:	d1fc      	bne.n	100003e4 <main+0x110>
100003ea:	4b7b      	ldr	r3, [pc, #492]	@ (100005d8 <main+0x304>)
100003ec:	6113      	str	r3, [r2, #16]
100003ee:	e7ca      	b.n	10000386 <main+0xb2>
100003f0:	2501      	movs	r5, #1
100003f2:	20c8      	movs	r0, #200	@ 0xc8
100003f4:	6823      	ldr	r3, [r4, #0]
100003f6:	2100      	movs	r1, #0
100003f8:	43ab      	bics	r3, r5
100003fa:	6023      	str	r3, [r4, #0]
100003fc:	0040      	lsls	r0, r0, #1
100003fe:	f000 fe01 	bl	10001004 <sleep_us>
10000402:	4653      	mov	r3, sl
10000404:	2100      	movs	r1, #0
10000406:	6832      	ldr	r2, [r6, #0]
10000408:	486b      	ldr	r0, [pc, #428]	@ (100005b8 <main+0x2e4>)
1000040a:	f001 fd57 	bl	10001ebc <pio_sm_init>
1000040e:	6823      	ldr	r3, [r4, #0]
10000410:	432b      	orrs	r3, r5
10000412:	6023      	str	r3, [r4, #0]
10000414:	e7b7      	b.n	10000386 <main+0xb2>
10000416:	464b      	mov	r3, r9
10000418:	9a04      	ldr	r2, [sp, #16]
1000041a:	2400      	movs	r4, #0
1000041c:	ca03      	ldmia	r2!, {r0, r1}
1000041e:	c303      	stmia	r3!, {r0, r1}
10000420:	8812      	ldrh	r2, [r2, #0]
10000422:	2100      	movs	r1, #0
10000424:	801a      	strh	r2, [r3, #0]
10000426:	2300      	movs	r3, #0
10000428:	930e      	str	r3, [sp, #56]	@ 0x38
1000042a:	940f      	str	r4, [sp, #60]	@ 0x3c
1000042c:	465b      	mov	r3, fp
1000042e:	46b0      	mov	r8, r6
10000430:	2401      	movs	r4, #1
10000432:	464e      	mov	r6, r9
10000434:	468c      	mov	ip, r1
10000436:	970a      	str	r7, [sp, #40]	@ 0x28
10000438:	970b      	str	r7, [sp, #44]	@ 0x2c
1000043a:	970c      	str	r7, [sp, #48]	@ 0x30
1000043c:	970d      	str	r7, [sp, #52]	@ 0x34
1000043e:	9302      	str	r3, [sp, #8]
10000440:	e005      	b.n	1000044e <main+0x17a>
10000442:	46ec      	mov	ip, sp
10000444:	0879      	lsrs	r1, r7, #1
10000446:	008b      	lsls	r3, r1, #2
10000448:	4463      	add	r3, ip
1000044a:	6a9b      	ldr	r3, [r3, #40]	@ 0x28
1000044c:	469c      	mov	ip, r3
1000044e:	0023      	movs	r3, r4
10000450:	aa06      	add	r2, sp, #24
10000452:	4693      	mov	fp, r2
10000454:	403b      	ands	r3, r7
10000456:	0089      	lsls	r1, r1, #2
10000458:	011b      	lsls	r3, r3, #4
1000045a:	3128      	adds	r1, #40	@ 0x28
1000045c:	001d      	movs	r5, r3
1000045e:	4459      	add	r1, fp
10000460:	0022      	movs	r2, r4
10000462:	3918      	subs	r1, #24
10000464:	9101      	str	r1, [sp, #4]
10000466:	0021      	movs	r1, r4
10000468:	7830      	ldrb	r0, [r6, #0]
1000046a:	350e      	adds	r5, #14
1000046c:	4002      	ands	r2, r0
1000046e:	40aa      	lsls	r2, r5
10000470:	1c5d      	adds	r5, r3, #1
10000472:	40a9      	lsls	r1, r5
10000474:	09c5      	lsrs	r5, r0, #7
10000476:	409d      	lsls	r5, r3
10000478:	1852      	adds	r2, r2, r1
1000047a:	0021      	movs	r1, r4
1000047c:	1955      	adds	r5, r2, r5
1000047e:	1cda      	adds	r2, r3, #3
10000480:	4091      	lsls	r1, r2
10000482:	0642      	lsls	r2, r0, #25
10000484:	186d      	adds	r5, r5, r1
10000486:	0fd2      	lsrs	r2, r2, #31
10000488:	1c99      	adds	r1, r3, #2
1000048a:	408a      	lsls	r2, r1
1000048c:	0021      	movs	r1, r4
1000048e:	18aa      	adds	r2, r5, r2
10000490:	1d5d      	adds	r5, r3, #5
10000492:	40a9      	lsls	r1, r5
10000494:	0685      	lsls	r5, r0, #26
10000496:	1852      	adds	r2, r2, r1
10000498:	0fed      	lsrs	r5, r5, #31
1000049a:	1d19      	adds	r1, r3, #4
1000049c:	408d      	lsls	r5, r1
1000049e:	0021      	movs	r1, r4
100004a0:	1955      	adds	r5, r2, r5
100004a2:	1dda      	adds	r2, r3, #7
100004a4:	4091      	lsls	r1, r2
100004a6:	06c2      	lsls	r2, r0, #27
100004a8:	186d      	adds	r5, r5, r1
100004aa:	0fd2      	lsrs	r2, r2, #31
100004ac:	1d99      	adds	r1, r3, #6
100004ae:	408a      	lsls	r2, r1
100004b0:	18aa      	adds	r2, r5, r2
100004b2:	001d      	movs	r5, r3
100004b4:	0021      	movs	r1, r4
100004b6:	3509      	adds	r5, #9
100004b8:	40a9      	lsls	r1, r5
100004ba:	1852      	adds	r2, r2, r1
100004bc:	2108      	movs	r1, #8
100004be:	468b      	mov	fp, r1
100004c0:	449b      	add	fp, r3
100004c2:	4659      	mov	r1, fp
100004c4:	0705      	lsls	r5, r0, #28
100004c6:	0fed      	lsrs	r5, r5, #31
100004c8:	408d      	lsls	r5, r1
100004ca:	1955      	adds	r5, r2, r5
100004cc:	001a      	movs	r2, r3
100004ce:	0021      	movs	r1, r4
100004d0:	320b      	adds	r2, #11
100004d2:	4091      	lsls	r1, r2
100004d4:	186d      	adds	r5, r5, r1
100004d6:	210a      	movs	r1, #10
100004d8:	468b      	mov	fp, r1
100004da:	449b      	add	fp, r3
100004dc:	4659      	mov	r1, fp
100004de:	0742      	lsls	r2, r0, #29
100004e0:	0fd2      	lsrs	r2, r2, #31
100004e2:	408a      	lsls	r2, r1
100004e4:	18aa      	adds	r2, r5, r2
100004e6:	001d      	movs	r5, r3
100004e8:	0021      	movs	r1, r4
100004ea:	350d      	adds	r5, #13
100004ec:	40a9      	lsls	r1, r5
100004ee:	001d      	movs	r5, r3
100004f0:	1852      	adds	r2, r2, r1
100004f2:	0021      	movs	r1, r4
100004f4:	0780      	lsls	r0, r0, #30
100004f6:	0fc0      	lsrs	r0, r0, #31
100004f8:	350c      	adds	r5, #12
100004fa:	330f      	adds	r3, #15
100004fc:	40a8      	lsls	r0, r5
100004fe:	4099      	lsls	r1, r3
10000500:	1812      	adds	r2, r2, r0
10000502:	9b01      	ldr	r3, [sp, #4]
10000504:	1852      	adds	r2, r2, r1
10000506:	4462      	add	r2, ip
10000508:	3701      	adds	r7, #1
1000050a:	601a      	str	r2, [r3, #0]
1000050c:	3601      	adds	r6, #1
1000050e:	2f0a      	cmp	r7, #10
10000510:	d197      	bne.n	10000442 <main+0x16e>
10000512:	4646      	mov	r6, r8
10000514:	9b02      	ldr	r3, [sp, #8]
10000516:	4d28      	ldr	r5, [pc, #160]	@ (100005b8 <main+0x2e4>)
10000518:	469b      	mov	fp, r3
1000051a:	9b0f      	ldr	r3, [sp, #60]	@ 0x3c
1000051c:	2100      	movs	r1, #0
1000051e:	3303      	adds	r3, #3
10000520:	930f      	str	r3, [sp, #60]	@ 0x3c
10000522:	682b      	ldr	r3, [r5, #0]
10000524:	0028      	movs	r0, r5
10000526:	43a3      	bics	r3, r4
10000528:	602b      	str	r3, [r5, #0]
1000052a:	6832      	ldr	r2, [r6, #0]
1000052c:	4653      	mov	r3, sl
1000052e:	3206      	adds	r2, #6
10000530:	f001 fcc4 	bl	10001ebc <pio_sm_init>
10000534:	2280      	movs	r2, #128	@ 0x80
10000536:	682b      	ldr	r3, [r5, #0]
10000538:	a90a      	add	r1, sp, #40	@ 0x28
1000053a:	4323      	orrs	r3, r4
1000053c:	602b      	str	r3, [r5, #0]
1000053e:	0252      	lsls	r2, r2, #9
10000540:	6808      	ldr	r0, [r1, #0]
10000542:	686b      	ldr	r3, [r5, #4]
10000544:	4213      	tst	r3, r2
10000546:	d1fc      	bne.n	10000542 <main+0x26e>
10000548:	3104      	adds	r1, #4
1000054a:	ab10      	add	r3, sp, #64	@ 0x40
1000054c:	6128      	str	r0, [r5, #16]
1000054e:	428b      	cmp	r3, r1
10000550:	d1f6      	bne.n	10000540 <main+0x26c>
10000552:	e718      	b.n	10000386 <main+0xb2>
10000554:	2180      	movs	r1, #128	@ 0x80
10000556:	4a18      	ldr	r2, [pc, #96]	@ (100005b8 <main+0x2e4>)
10000558:	0049      	lsls	r1, r1, #1
1000055a:	6853      	ldr	r3, [r2, #4]
1000055c:	420b      	tst	r3, r1
1000055e:	d1fc      	bne.n	1000055a <main+0x286>
10000560:	6a13      	ldr	r3, [r2, #32]
10000562:	2280      	movs	r2, #128	@ 0x80
10000564:	4914      	ldr	r1, [pc, #80]	@ (100005b8 <main+0x2e4>)
10000566:	0052      	lsls	r2, r2, #1
10000568:	684b      	ldr	r3, [r1, #4]
1000056a:	001d      	movs	r5, r3
1000056c:	4015      	ands	r5, r2
1000056e:	4213      	tst	r3, r2
10000570:	d1fa      	bne.n	10000568 <main+0x294>
10000572:	6a0b      	ldr	r3, [r1, #32]
10000574:	465b      	mov	r3, fp
10000576:	681b      	ldr	r3, [r3, #0]
10000578:	2b00      	cmp	r3, #0
1000057a:	d000      	beq.n	1000057e <main+0x2aa>
1000057c:	e0b9      	b.n	100006f2 <main+0x41e>
1000057e:	465a      	mov	r2, fp
10000580:	4b16      	ldr	r3, [pc, #88]	@ (100005dc <main+0x308>)
10000582:	6a9b      	ldr	r3, [r3, #40]	@ 0x28
10000584:	6013      	str	r3, [r2, #0]
10000586:	2200      	movs	r2, #0
10000588:	9b03      	ldr	r3, [sp, #12]
1000058a:	9905      	ldr	r1, [sp, #20]
1000058c:	4648      	mov	r0, r9
1000058e:	801a      	strh	r2, [r3, #0]
10000590:	f000 f912 	bl	100007b8 <_ZN12ScriptReader9CalcFrameEt>
10000594:	2300      	movs	r3, #0
10000596:	2100      	movs	r1, #0
10000598:	930a      	str	r3, [sp, #40]	@ 0x28
1000059a:	930b      	str	r3, [sp, #44]	@ 0x2c
1000059c:	930c      	str	r3, [sp, #48]	@ 0x30
1000059e:	930d      	str	r3, [sp, #52]	@ 0x34
100005a0:	930e      	str	r3, [sp, #56]	@ 0x38
100005a2:	465b      	mov	r3, fp
100005a4:	46b0      	mov	r8, r6
100005a6:	2401      	movs	r4, #1
100005a8:	464e      	mov	r6, r9
100005aa:	468c      	mov	ip, r1
100005ac:	9302      	str	r3, [sp, #8]
100005ae:	e01d      	b.n	100005ec <main+0x318>
100005b0:	20000d90 	.word	0x20000d90
100005b4:	20000d54 	.word	0x20000d54
100005b8:	50200000 	.word	0x50200000
100005bc:	10002924 	.word	0x10002924
100005c0:	20000980 	.word	0x20000980
100005c4:	20000d40 	.word	0x20000d40
100005c8:	041e039c 	.word	0x041e039c
100005cc:	10002950 	.word	0x10002950
100005d0:	20000d44 	.word	0x20000d44
100005d4:	aaaaebaa 	.word	0xaaaaebaa
100005d8:	0003faaa 	.word	0x0003faaa
100005dc:	40054000 	.word	0x40054000
100005e0:	46ec      	mov	ip, sp
100005e2:	0869      	lsrs	r1, r5, #1
100005e4:	008b      	lsls	r3, r1, #2
100005e6:	4463      	add	r3, ip
100005e8:	6a9b      	ldr	r3, [r3, #40]	@ 0x28
100005ea:	469c      	mov	ip, r3
100005ec:	0023      	movs	r3, r4
100005ee:	aa06      	add	r2, sp, #24
100005f0:	4693      	mov	fp, r2
100005f2:	402b      	ands	r3, r5
100005f4:	0089      	lsls	r1, r1, #2
100005f6:	011b      	lsls	r3, r3, #4
100005f8:	3128      	adds	r1, #40	@ 0x28
100005fa:	001f      	movs	r7, r3
100005fc:	4459      	add	r1, fp
100005fe:	0022      	movs	r2, r4
10000600:	3918      	subs	r1, #24
10000602:	9101      	str	r1, [sp, #4]
10000604:	0021      	movs	r1, r4
10000606:	7830      	ldrb	r0, [r6, #0]
10000608:	370e      	adds	r7, #14
1000060a:	4002      	ands	r2, r0
1000060c:	40ba      	lsls	r2, r7
1000060e:	1c5f      	adds	r7, r3, #1
10000610:	40b9      	lsls	r1, r7
10000612:	09c7      	lsrs	r7, r0, #7
10000614:	409f      	lsls	r7, r3
10000616:	1852      	adds	r2, r2, r1
10000618:	0021      	movs	r1, r4
1000061a:	19d7      	adds	r7, r2, r7
1000061c:	1cda      	adds	r2, r3, #3
1000061e:	4091      	lsls	r1, r2
10000620:	0642      	lsls	r2, r0, #25
10000622:	187f      	adds	r7, r7, r1
10000624:	0fd2      	lsrs	r2, r2, #31
10000626:	1c99      	adds	r1, r3, #2
10000628:	408a      	lsls	r2, r1
1000062a:	0021      	movs	r1, r4
1000062c:	18ba      	adds	r2, r7, r2
1000062e:	1d5f      	adds	r7, r3, #5
10000630:	40b9      	lsls	r1, r7
10000632:	0687      	lsls	r7, r0, #26
10000634:	1852      	adds	r2, r2, r1
10000636:	0fff      	lsrs	r7, r7, #31
10000638:	1d19      	adds	r1, r3, #4
1000063a:	408f      	lsls	r7, r1
1000063c:	0021      	movs	r1, r4
1000063e:	19d7      	adds	r7, r2, r7
10000640:	1dda      	adds	r2, r3, #7
10000642:	4091      	lsls	r1, r2
10000644:	06c2      	lsls	r2, r0, #27
10000646:	187f      	adds	r7, r7, r1
10000648:	0fd2      	lsrs	r2, r2, #31
1000064a:	1d99      	adds	r1, r3, #6
1000064c:	408a      	lsls	r2, r1
1000064e:	18ba      	adds	r2, r7, r2
10000650:	001f      	movs	r7, r3
10000652:	0021      	movs	r1, r4
10000654:	3709      	adds	r7, #9
10000656:	40b9      	lsls	r1, r7
10000658:	1852      	adds	r2, r2, r1
1000065a:	2108      	movs	r1, #8
1000065c:	468b      	mov	fp, r1
1000065e:	449b      	add	fp, r3
10000660:	4659      	mov	r1, fp
10000662:	0707      	lsls	r7, r0, #28
10000664:	0fff      	lsrs	r7, r7, #31
10000666:	408f      	lsls	r7, r1
10000668:	19d7      	adds	r7, r2, r7
1000066a:	001a      	movs	r2, r3
1000066c:	0021      	movs	r1, r4
1000066e:	320b      	adds	r2, #11
10000670:	4091      	lsls	r1, r2
10000672:	187f      	adds	r7, r7, r1
10000674:	210a      	movs	r1, #10
10000676:	468b      	mov	fp, r1
10000678:	449b      	add	fp, r3
1000067a:	4659      	mov	r1, fp
1000067c:	0742      	lsls	r2, r0, #29
1000067e:	0fd2      	lsrs	r2, r2, #31
10000680:	408a      	lsls	r2, r1
10000682:	18ba      	adds	r2, r7, r2
10000684:	001f      	movs	r7, r3
10000686:	0021      	movs	r1, r4
10000688:	370d      	adds	r7, #13
1000068a:	40b9      	lsls	r1, r7
1000068c:	001f      	movs	r7, r3
1000068e:	1852      	adds	r2, r2, r1
10000690:	0021      	movs	r1, r4
10000692:	0780      	lsls	r0, r0, #30
10000694:	0fc0      	lsrs	r0, r0, #31
10000696:	370c      	adds	r7, #12
10000698:	330f      	adds	r3, #15
1000069a:	40b8      	lsls	r0, r7
1000069c:	4099      	lsls	r1, r3
1000069e:	1812      	adds	r2, r2, r0
100006a0:	9b01      	ldr	r3, [sp, #4]
100006a2:	1852      	adds	r2, r2, r1
100006a4:	4462      	add	r2, ip
100006a6:	3501      	adds	r5, #1
100006a8:	601a      	str	r2, [r3, #0]
100006aa:	3601      	adds	r6, #1
100006ac:	2d08      	cmp	r5, #8
100006ae:	d197      	bne.n	100005e0 <main+0x30c>
100006b0:	4646      	mov	r6, r8
100006b2:	9b02      	ldr	r3, [sp, #8]
100006b4:	4d15      	ldr	r5, [pc, #84]	@ (1000070c <main+0x438>)
100006b6:	469b      	mov	fp, r3
100006b8:	9b0e      	ldr	r3, [sp, #56]	@ 0x38
100006ba:	2100      	movs	r1, #0
100006bc:	3303      	adds	r3, #3
100006be:	930e      	str	r3, [sp, #56]	@ 0x38
100006c0:	682b      	ldr	r3, [r5, #0]
100006c2:	0028      	movs	r0, r5
100006c4:	43a3      	bics	r3, r4
100006c6:	602b      	str	r3, [r5, #0]
100006c8:	6832      	ldr	r2, [r6, #0]
100006ca:	4653      	mov	r3, sl
100006cc:	3206      	adds	r2, #6
100006ce:	f001 fbf5 	bl	10001ebc <pio_sm_init>
100006d2:	2280      	movs	r2, #128	@ 0x80
100006d4:	682b      	ldr	r3, [r5, #0]
100006d6:	a90a      	add	r1, sp, #40	@ 0x28
100006d8:	4323      	orrs	r3, r4
100006da:	602b      	str	r3, [r5, #0]
100006dc:	0252      	lsls	r2, r2, #9
100006de:	6808      	ldr	r0, [r1, #0]
100006e0:	686b      	ldr	r3, [r5, #4]
100006e2:	4213      	tst	r3, r2
100006e4:	d1fc      	bne.n	100006e0 <main+0x40c>
100006e6:	3104      	adds	r1, #4
100006e8:	ab0f      	add	r3, sp, #60	@ 0x3c
100006ea:	6128      	str	r0, [r5, #16]
100006ec:	4299      	cmp	r1, r3
100006ee:	d1f6      	bne.n	100006de <main+0x40a>
100006f0:	e649      	b.n	10000386 <main+0xb2>
100006f2:	4a07      	ldr	r2, [pc, #28]	@ (10000710 <main+0x43c>)
100006f4:	6a90      	ldr	r0, [r2, #40]	@ 0x28
100006f6:	1ac0      	subs	r0, r0, r3
100006f8:	f001 f91e 	bl	10001938 <__wrap___aeabi_ui2f>
100006fc:	4905      	ldr	r1, [pc, #20]	@ (10000714 <main+0x440>)
100006fe:	f001 f900 	bl	10001902 <__wrap___aeabi_fdiv>
10000702:	f001 f941 	bl	10001988 <__wrap___aeabi_f2uiz>
10000706:	b282      	uxth	r2, r0
10000708:	e73e      	b.n	10000588 <main+0x2b4>
1000070a:	46c0      	nop			@ (mov r8, r8)
1000070c:	50200000 	.word	0x50200000
10000710:	40054000 	.word	0x40054000
10000714:	468256b3 	.word	0x468256b3

10000718 <_GLOBAL__sub_I_g_config>:
10000718:	b510      	push	{r4, lr}
1000071a:	4902      	ldr	r1, [pc, #8]	@ (10000724 <_GLOBAL__sub_I_g_config+0xc>)
1000071c:	4802      	ldr	r0, [pc, #8]	@ (10000728 <_GLOBAL__sub_I_g_config+0x10>)
1000071e:	f000 f805 	bl	1000072c <_ZN12ScriptReaderC1EPKh>
10000722:	bd10      	pop	{r4, pc}
10000724:	10002a60 	.word	0x10002a60
10000728:	20000d44 	.word	0x20000d44

1000072c <_ZN12ScriptReaderC1EPKh>:
1000072c:	b5f8      	push	{r3, r4, r5, r6, r7, lr}
1000072e:	2300      	movs	r3, #0
10000730:	6043      	str	r3, [r0, #4]
10000732:	6003      	str	r3, [r0, #0]
10000734:	6083      	str	r3, [r0, #8]
10000736:	8183      	strh	r3, [r0, #12]
10000738:	784b      	ldrb	r3, [r1, #1]
1000073a:	780a      	ldrb	r2, [r1, #0]
1000073c:	021b      	lsls	r3, r3, #8
1000073e:	4313      	orrs	r3, r2
10000740:	ba5b      	rev16	r3, r3
10000742:	b29a      	uxth	r2, r3
10000744:	0006      	movs	r6, r0
10000746:	8083      	strh	r3, [r0, #4]
10000748:	0090      	lsls	r0, r2, #2
1000074a:	1880      	adds	r0, r0, r2
1000074c:	0040      	lsls	r0, r0, #1
1000074e:	000f      	movs	r7, r1
10000750:	1c8c      	adds	r4, r1, #2
10000752:	f001 f987 	bl	10001a64 <_Znaj>
10000756:	88b3      	ldrh	r3, [r6, #4]
10000758:	6030      	str	r0, [r6, #0]
1000075a:	2b00      	cmp	r3, #0
1000075c:	d029      	beq.n	100007b2 <_ZN12ScriptReaderC1EPKh+0x86>
1000075e:	2302      	movs	r3, #2
10000760:	425b      	negs	r3, r3
10000762:	2500      	movs	r5, #0
10000764:	1bdf      	subs	r7, r3, r7
10000766:	e000      	b.n	1000076a <_ZN12ScriptReaderC1EPKh+0x3e>
10000768:	6830      	ldr	r0, [r6, #0]
1000076a:	193b      	adds	r3, r7, r4
1000076c:	18c0      	adds	r0, r0, r3
1000076e:	7863      	ldrb	r3, [r4, #1]
10000770:	7822      	ldrb	r2, [r4, #0]
10000772:	021b      	lsls	r3, r3, #8
10000774:	4313      	orrs	r3, r2
10000776:	ba5b      	rev16	r3, r3
10000778:	8003      	strh	r3, [r0, #0]
1000077a:	1ca1      	adds	r1, r4, #2
1000077c:	2208      	movs	r2, #8
1000077e:	3002      	adds	r0, #2
10000780:	f001 f96a 	bl	10001a58 <__wrap___aeabi_memcpy>
10000784:	3501      	adds	r5, #1
10000786:	88b0      	ldrh	r0, [r6, #4]
10000788:	b2ad      	uxth	r5, r5
1000078a:	340a      	adds	r4, #10
1000078c:	4285      	cmp	r5, r0
1000078e:	d3eb      	bcc.n	10000768 <_ZN12ScriptReaderC1EPKh+0x3c>
10000790:	2300      	movs	r3, #0
10000792:	81b3      	strh	r3, [r6, #12]
10000794:	2800      	cmp	r0, #0
10000796:	d00a      	beq.n	100007ae <_ZN12ScriptReaderC1EPKh+0x82>
10000798:	2200      	movs	r2, #0
1000079a:	6831      	ldr	r1, [r6, #0]
1000079c:	880c      	ldrh	r4, [r1, #0]
1000079e:	3301      	adds	r3, #1
100007a0:	1912      	adds	r2, r2, r4
100007a2:	b29b      	uxth	r3, r3
100007a4:	b292      	uxth	r2, r2
100007a6:	310a      	adds	r1, #10
100007a8:	4283      	cmp	r3, r0
100007aa:	d1f7      	bne.n	1000079c <_ZN12ScriptReaderC1EPKh+0x70>
100007ac:	81b2      	strh	r2, [r6, #12]
100007ae:	0030      	movs	r0, r6
100007b0:	bdf8      	pop	{r3, r4, r5, r6, r7, pc}
100007b2:	81b3      	strh	r3, [r6, #12]
100007b4:	e7fb      	b.n	100007ae <_ZN12ScriptReaderC1EPKh+0x82>
100007b6:	46c0      	nop			@ (mov r8, r8)

100007b8 <_ZN12ScriptReader9CalcFrameEt>:
100007b8:	b5f8      	push	{r3, r4, r5, r6, r7, lr}
100007ba:	46ce      	mov	lr, r9
100007bc:	4647      	mov	r7, r8
100007be:	0006      	movs	r6, r0
100007c0:	b580      	push	{r7, lr}
100007c2:	2a00      	cmp	r2, #0
100007c4:	d10c      	bne.n	100007e0 <_ZN12ScriptReader9CalcFrameEt+0x28>
100007c6:	3208      	adds	r2, #8
100007c8:	4927      	ldr	r1, [pc, #156]	@ (10000868 <_ZN12ScriptReader9CalcFrameEt+0xb0>)
100007ca:	f001 f945 	bl	10001a58 <__wrap___aeabi_memcpy>
100007ce:	2201      	movs	r2, #1
100007d0:	7833      	ldrb	r3, [r6, #0]
100007d2:	4313      	orrs	r3, r2
100007d4:	7033      	strb	r3, [r6, #0]
100007d6:	0030      	movs	r0, r6
100007d8:	bcc0      	pop	{r6, r7}
100007da:	46b9      	mov	r9, r7
100007dc:	46b0      	mov	r8, r6
100007de:	bdf8      	pop	{r3, r4, r5, r6, r7, pc}
100007e0:	238d      	movs	r3, #141	@ 0x8d
100007e2:	005b      	lsls	r3, r3, #1
100007e4:	429a      	cmp	r2, r3
100007e6:	d804      	bhi.n	100007f2 <_ZN12ScriptReader9CalcFrameEt+0x3a>
100007e8:	2208      	movs	r2, #8
100007ea:	4920      	ldr	r1, [pc, #128]	@ (1000086c <_ZN12ScriptReader9CalcFrameEt+0xb4>)
100007ec:	f001 f934 	bl	10001a58 <__wrap___aeabi_memcpy>
100007f0:	e7f1      	b.n	100007d6 <_ZN12ScriptReader9CalcFrameEt+0x1e>
100007f2:	3a1c      	subs	r2, #28
100007f4:	3aff      	subs	r2, #255	@ 0xff
100007f6:	894b      	ldrh	r3, [r1, #10]
100007f8:	b292      	uxth	r2, r2
100007fa:	4293      	cmp	r3, r2
100007fc:	d02d      	beq.n	1000085a <_ZN12ScriptReader9CalcFrameEt+0xa2>
100007fe:	814a      	strh	r2, [r1, #10]
10000800:	1ad2      	subs	r2, r2, r3
10000802:	b293      	uxth	r3, r2
10000804:	2200      	movs	r2, #0
10000806:	4694      	mov	ip, r2
10000808:	4690      	mov	r8, r2
1000080a:	4699      	mov	r9, r3
1000080c:	888d      	ldrh	r5, [r1, #4]
1000080e:	890f      	ldrh	r7, [r1, #8]
10000810:	88cb      	ldrh	r3, [r1, #6]
10000812:	6808      	ldr	r0, [r1, #0]
10000814:	3701      	adds	r7, #1
10000816:	b2bf      	uxth	r7, r7
10000818:	009a      	lsls	r2, r3, #2
1000081a:	18d2      	adds	r2, r2, r3
1000081c:	0052      	lsls	r2, r2, #1
1000081e:	e009      	b.n	10000834 <_ZN12ScriptReader9CalcFrameEt+0x7c>
10000820:	5a84      	ldrh	r4, [r0, r2]
10000822:	42bc      	cmp	r4, r7
10000824:	d808      	bhi.n	10000838 <_ZN12ScriptReader9CalcFrameEt+0x80>
10000826:	3301      	adds	r3, #1
10000828:	b29b      	uxth	r3, r3
1000082a:	2700      	movs	r7, #0
1000082c:	80cb      	strh	r3, [r1, #6]
1000082e:	320a      	adds	r2, #10
10000830:	42ab      	cmp	r3, r5
10000832:	d215      	bcs.n	10000860 <_ZN12ScriptReader9CalcFrameEt+0xa8>
10000834:	429d      	cmp	r5, r3
10000836:	d8f3      	bhi.n	10000820 <_ZN12ScriptReader9CalcFrameEt+0x68>
10000838:	4662      	mov	r2, ip
1000083a:	3201      	adds	r2, #1
1000083c:	b292      	uxth	r2, r2
1000083e:	4694      	mov	ip, r2
10000840:	454a      	cmp	r2, r9
10000842:	d3e7      	bcc.n	10000814 <_ZN12ScriptReader9CalcFrameEt+0x5c>
10000844:	810f      	strh	r7, [r1, #8]
10000846:	009a      	lsls	r2, r3, #2
10000848:	18d3      	adds	r3, r2, r3
1000084a:	005b      	lsls	r3, r3, #1
1000084c:	18c1      	adds	r1, r0, r3
1000084e:	2208      	movs	r2, #8
10000850:	0030      	movs	r0, r6
10000852:	3102      	adds	r1, #2
10000854:	f001 f900 	bl	10001a58 <__wrap___aeabi_memcpy>
10000858:	e7bd      	b.n	100007d6 <_ZN12ScriptReader9CalcFrameEt+0x1e>
1000085a:	88cb      	ldrh	r3, [r1, #6]
1000085c:	6808      	ldr	r0, [r1, #0]
1000085e:	e7f2      	b.n	10000846 <_ZN12ScriptReader9CalcFrameEt+0x8e>
10000860:	4643      	mov	r3, r8
10000862:	80cb      	strh	r3, [r1, #6]
10000864:	2300      	movs	r3, #0
10000866:	e7d7      	b.n	10000818 <_ZN12ScriptReader9CalcFrameEt+0x60>
10000868:	10002964 	.word	0x10002964
1000086c:	1000295c 	.word	0x1000295c

10000870 <gpio_set_function>:
10000870:	4a09      	ldr	r2, [pc, #36]	@ (10000898 <gpio_set_function+0x28>)
10000872:	0083      	lsls	r3, r0, #2
10000874:	189a      	adds	r2, r3, r2
10000876:	b510      	push	{r4, lr}
10000878:	6814      	ldr	r4, [r2, #0]
1000087a:	2240      	movs	r2, #64	@ 0x40
1000087c:	4054      	eors	r4, r2
1000087e:	3280      	adds	r2, #128	@ 0x80
10000880:	4022      	ands	r2, r4
10000882:	4c06      	ldr	r4, [pc, #24]	@ (1000089c <gpio_set_function+0x2c>)
10000884:	00c0      	lsls	r0, r0, #3
10000886:	46a4      	mov	ip, r4
10000888:	4463      	add	r3, ip
1000088a:	601a      	str	r2, [r3, #0]
1000088c:	4b04      	ldr	r3, [pc, #16]	@ (100008a0 <gpio_set_function+0x30>)
1000088e:	469c      	mov	ip, r3
10000890:	4460      	add	r0, ip
10000892:	6041      	str	r1, [r0, #4]
10000894:	bd10      	pop	{r4, pc}
10000896:	46c0      	nop			@ (mov r8, r8)
10000898:	4001c004 	.word	0x4001c004
1000089c:	4001d004 	.word	0x4001d004
100008a0:	40014000 	.word	0x40014000

100008a4 <gpio_set_pulls>:
100008a4:	4b07      	ldr	r3, [pc, #28]	@ (100008c4 <gpio_set_pulls+0x20>)
100008a6:	0080      	lsls	r0, r0, #2
100008a8:	18c3      	adds	r3, r0, r3
100008aa:	681b      	ldr	r3, [r3, #0]
100008ac:	00c9      	lsls	r1, r1, #3
100008ae:	0092      	lsls	r2, r2, #2
100008b0:	430a      	orrs	r2, r1
100008b2:	405a      	eors	r2, r3
100008b4:	230c      	movs	r3, #12
100008b6:	4013      	ands	r3, r2
100008b8:	4a03      	ldr	r2, [pc, #12]	@ (100008c8 <gpio_set_pulls+0x24>)
100008ba:	4694      	mov	ip, r2
100008bc:	4460      	add	r0, ip
100008be:	6003      	str	r3, [r0, #0]
100008c0:	4770      	bx	lr
100008c2:	46c0      	nop			@ (mov r8, r8)
100008c4:	4001c004 	.word	0x4001c004
100008c8:	4001d004 	.word	0x4001d004

100008cc <gpio_init>:
100008cc:	2301      	movs	r3, #1
100008ce:	22d0      	movs	r2, #208	@ 0xd0
100008d0:	4083      	lsls	r3, r0
100008d2:	0612      	lsls	r2, r2, #24
100008d4:	6293      	str	r3, [r2, #40]	@ 0x28
100008d6:	6193      	str	r3, [r2, #24]
100008d8:	4a09      	ldr	r2, [pc, #36]	@ (10000900 <gpio_init+0x34>)
100008da:	0083      	lsls	r3, r0, #2
100008dc:	189a      	adds	r2, r3, r2
100008de:	6811      	ldr	r1, [r2, #0]
100008e0:	2240      	movs	r2, #64	@ 0x40
100008e2:	4051      	eors	r1, r2
100008e4:	3280      	adds	r2, #128	@ 0x80
100008e6:	400a      	ands	r2, r1
100008e8:	4906      	ldr	r1, [pc, #24]	@ (10000904 <gpio_init+0x38>)
100008ea:	00c0      	lsls	r0, r0, #3
100008ec:	468c      	mov	ip, r1
100008ee:	4463      	add	r3, ip
100008f0:	601a      	str	r2, [r3, #0]
100008f2:	4b05      	ldr	r3, [pc, #20]	@ (10000908 <gpio_init+0x3c>)
100008f4:	469c      	mov	ip, r3
100008f6:	2305      	movs	r3, #5
100008f8:	4460      	add	r0, ip
100008fa:	6043      	str	r3, [r0, #4]
100008fc:	4770      	bx	lr
100008fe:	46c0      	nop			@ (mov r8, r8)
10000900:	4001c004 	.word	0x4001c004
10000904:	4001d004 	.word	0x4001d004
10000908:	40014000 	.word	0x40014000

1000090c <panic>:
1000090c:	b40f      	push	{r0, r1, r2, r3}
1000090e:	b500      	push	{lr}
10000910:	4808      	ldr	r0, [pc, #32]	@ (10000934 <panic+0x28>)
10000912:	b083      	sub	sp, #12
10000914:	f001 fa28 	bl	10001d68 <__wrap_puts>
10000918:	9b04      	ldr	r3, [sp, #16]
1000091a:	2b00      	cmp	r3, #0
1000091c:	d007      	beq.n	1000092e <panic+0x22>
1000091e:	a905      	add	r1, sp, #20
10000920:	0018      	movs	r0, r3
10000922:	9101      	str	r1, [sp, #4]
10000924:	f001 f8aa 	bl	10001a7c <weak_raw_vprintf>
10000928:	4803      	ldr	r0, [pc, #12]	@ (10000938 <panic+0x2c>)
1000092a:	f001 fa1d 	bl	10001d68 <__wrap_puts>
1000092e:	2001      	movs	r0, #1
10000930:	f001 f8bc 	bl	10001aac <_exit>
10000934:	1000296c 	.word	0x1000296c
10000938:	1000297c 	.word	0x1000297c

1000093c <hw_claim_lock>:
1000093c:	f3ef 8010 	mrs	r0, PRIMASK
10000940:	b672      	cpsid	i
10000942:	4a03      	ldr	r2, [pc, #12]	@ (10000950 <hw_claim_lock+0x14>)
10000944:	6813      	ldr	r3, [r2, #0]
10000946:	2b00      	cmp	r3, #0
10000948:	d0fc      	beq.n	10000944 <hw_claim_lock+0x8>
1000094a:	f3bf 8f5f 	dmb	sy
1000094e:	4770      	bx	lr
10000950:	d000012c 	.word	0xd000012c

10000954 <hw_claim_unlock>:
10000954:	f3bf 8f5f 	dmb	sy
10000958:	2200      	movs	r2, #0
1000095a:	4b02      	ldr	r3, [pc, #8]	@ (10000964 <hw_claim_unlock+0x10>)
1000095c:	601a      	str	r2, [r3, #0]
1000095e:	f380 8810 	msr	PRIMASK, r0
10000962:	4770      	bx	lr
10000964:	d000012c 	.word	0xd000012c

10000968 <hw_claim_or_assert>:
10000968:	b570      	push	{r4, r5, r6, lr}
1000096a:	f3ef 8c10 	mrs	ip, PRIMASK
1000096e:	b672      	cpsid	i
10000970:	4d0d      	ldr	r5, [pc, #52]	@ (100009a8 <hw_claim_or_assert+0x40>)
10000972:	682b      	ldr	r3, [r5, #0]
10000974:	2b00      	cmp	r3, #0
10000976:	d0fc      	beq.n	10000972 <hw_claim_or_assert+0xa>
10000978:	f3bf 8f5f 	dmb	sy
1000097c:	2407      	movs	r4, #7
1000097e:	08cb      	lsrs	r3, r1, #3
10000980:	18c6      	adds	r6, r0, r3
10000982:	5cc0      	ldrb	r0, [r0, r3]
10000984:	2301      	movs	r3, #1
10000986:	400c      	ands	r4, r1
10000988:	40a3      	lsls	r3, r4
1000098a:	001c      	movs	r4, r3
1000098c:	4004      	ands	r4, r0
1000098e:	4203      	tst	r3, r0
10000990:	d107      	bne.n	100009a2 <hw_claim_or_assert+0x3a>
10000992:	4318      	orrs	r0, r3
10000994:	7030      	strb	r0, [r6, #0]
10000996:	f3bf 8f5f 	dmb	sy
1000099a:	602c      	str	r4, [r5, #0]
1000099c:	f38c 8810 	msr	PRIMASK, ip
100009a0:	bd70      	pop	{r4, r5, r6, pc}
100009a2:	0010      	movs	r0, r2
100009a4:	f7ff ffb2 	bl	1000090c <panic>
100009a8:	d000012c 	.word	0xd000012c

100009ac <next_striped_spin_lock_num>:
100009ac:	4a04      	ldr	r2, [pc, #16]	@ (100009c0 <next_striped_spin_lock_num+0x14>)
100009ae:	7810      	ldrb	r0, [r2, #0]
100009b0:	1c43      	adds	r3, r0, #1
100009b2:	b2db      	uxtb	r3, r3
100009b4:	2b17      	cmp	r3, #23
100009b6:	d900      	bls.n	100009ba <next_striped_spin_lock_num+0xe>
100009b8:	2310      	movs	r3, #16
100009ba:	7013      	strb	r3, [r2, #0]
100009bc:	4770      	bx	lr
100009be:	46c0      	nop			@ (mov r8, r8)
100009c0:	20000198 	.word	0x20000198

100009c4 <spin_locks_reset>:
100009c4:	2100      	movs	r1, #0
100009c6:	4b04      	ldr	r3, [pc, #16]	@ (100009d8 <spin_locks_reset+0x14>)
100009c8:	4a04      	ldr	r2, [pc, #16]	@ (100009dc <spin_locks_reset+0x18>)
100009ca:	f3bf 8f5f 	dmb	sy
100009ce:	c302      	stmia	r3!, {r1}
100009d0:	4293      	cmp	r3, r2
100009d2:	d1fa      	bne.n	100009ca <spin_locks_reset+0x6>
100009d4:	4770      	bx	lr
100009d6:	46c0      	nop			@ (mov r8, r8)
100009d8:	d0000100 	.word	0xd0000100
100009dc:	d0000180 	.word	0xd0000180

100009e0 <runtime_init_per_core_irq_priorities>:
100009e0:	4b05      	ldr	r3, [pc, #20]	@ (100009f8 <runtime_init_per_core_irq_priorities+0x18>)
100009e2:	4a06      	ldr	r2, [pc, #24]	@ (100009fc <runtime_init_per_core_irq_priorities+0x1c>)
100009e4:	6013      	str	r3, [r2, #0]
100009e6:	4a06      	ldr	r2, [pc, #24]	@ (10000a00 <runtime_init_per_core_irq_priorities+0x20>)
100009e8:	6013      	str	r3, [r2, #0]
100009ea:	6053      	str	r3, [r2, #4]
100009ec:	6093      	str	r3, [r2, #8]
100009ee:	60d3      	str	r3, [r2, #12]
100009f0:	6113      	str	r3, [r2, #16]
100009f2:	6153      	str	r3, [r2, #20]
100009f4:	6193      	str	r3, [r2, #24]
100009f6:	4770      	bx	lr
100009f8:	80808080 	.word	0x80808080
100009fc:	e000e400 	.word	0xe000e400
10000a00:	e000e404 	.word	0xe000e404

10000a04 <irq_set_enabled>:
10000a04:	231f      	movs	r3, #31
10000a06:	4018      	ands	r0, r3
10000a08:	3b1e      	subs	r3, #30
10000a0a:	4083      	lsls	r3, r0
10000a0c:	2900      	cmp	r1, #0
10000a0e:	d005      	beq.n	10000a1c <irq_set_enabled+0x18>
10000a10:	21c0      	movs	r1, #192	@ 0xc0
10000a12:	4a04      	ldr	r2, [pc, #16]	@ (10000a24 <irq_set_enabled+0x20>)
10000a14:	0049      	lsls	r1, r1, #1
10000a16:	5053      	str	r3, [r2, r1]
10000a18:	6013      	str	r3, [r2, #0]
10000a1a:	4770      	bx	lr
10000a1c:	2280      	movs	r2, #128	@ 0x80
10000a1e:	4901      	ldr	r1, [pc, #4]	@ (10000a24 <irq_set_enabled+0x20>)
10000a20:	508b      	str	r3, [r1, r2]
10000a22:	e7fa      	b.n	10000a1a <irq_set_enabled+0x16>
10000a24:	e000e100 	.word	0xe000e100

10000a28 <irq_set_exclusive_handler>:
10000a28:	b570      	push	{r4, r5, r6, lr}
10000a2a:	000d      	movs	r5, r1
10000a2c:	f3ef 8610 	mrs	r6, PRIMASK
10000a30:	b672      	cpsid	i
10000a32:	4a0f      	ldr	r2, [pc, #60]	@ (10000a70 <irq_set_exclusive_handler+0x48>)
10000a34:	6813      	ldr	r3, [r2, #0]
10000a36:	2b00      	cmp	r3, #0
10000a38:	d0fc      	beq.n	10000a34 <irq_set_exclusive_handler+0xc>
10000a3a:	f3bf 8f5f 	dmb	sy
10000a3e:	4b0d      	ldr	r3, [pc, #52]	@ (10000a74 <irq_set_exclusive_handler+0x4c>)
10000a40:	3010      	adds	r0, #16
10000a42:	689b      	ldr	r3, [r3, #8]
10000a44:	0084      	lsls	r4, r0, #2
10000a46:	591b      	ldr	r3, [r3, r4]
10000a48:	4a0b      	ldr	r2, [pc, #44]	@ (10000a78 <irq_set_exclusive_handler+0x50>)
10000a4a:	4293      	cmp	r3, r2
10000a4c:	d003      	beq.n	10000a56 <irq_set_exclusive_handler+0x2e>
10000a4e:	429d      	cmp	r5, r3
10000a50:	d001      	beq.n	10000a56 <irq_set_exclusive_handler+0x2e>
10000a52:	f000 fd95 	bl	10001580 <hard_assertion_failure>
10000a56:	4b07      	ldr	r3, [pc, #28]	@ (10000a74 <irq_set_exclusive_handler+0x4c>)
10000a58:	689b      	ldr	r3, [r3, #8]
10000a5a:	511d      	str	r5, [r3, r4]
10000a5c:	f3bf 8f5f 	dmb	sy
10000a60:	f3bf 8f5f 	dmb	sy
10000a64:	2200      	movs	r2, #0
10000a66:	4b02      	ldr	r3, [pc, #8]	@ (10000a70 <irq_set_exclusive_handler+0x48>)
10000a68:	601a      	str	r2, [r3, #0]
10000a6a:	f386 8810 	msr	PRIMASK, r6
10000a6e:	bd70      	pop	{r4, r5, r6, pc}
10000a70:	d0000124 	.word	0xd0000124
10000a74:	e000ed00 	.word	0xe000ed00
10000a78:	100001c1 	.word	0x100001c1

10000a7c <lock_init>:
10000a7c:	4b02      	ldr	r3, [pc, #8]	@ (10000a88 <lock_init+0xc>)
10000a7e:	469c      	mov	ip, r3
10000a80:	4461      	add	r1, ip
10000a82:	0089      	lsls	r1, r1, #2
10000a84:	6001      	str	r1, [r0, #0]
10000a86:	4770      	bx	lr
10000a88:	34000040 	.word	0x34000040

10000a8c <runtime_init_mutex>:
10000a8c:	b570      	push	{r4, r5, r6, lr}
10000a8e:	4c11      	ldr	r4, [pc, #68]	@ (10000ad4 <runtime_init_mutex+0x48>)
10000a90:	4d11      	ldr	r5, [pc, #68]	@ (10000ad8 <runtime_init_mutex+0x4c>)
10000a92:	42ac      	cmp	r4, r5
10000a94:	d20f      	bcs.n	10000ab6 <runtime_init_mutex+0x2a>
10000a96:	26ff      	movs	r6, #255	@ 0xff
10000a98:	6823      	ldr	r3, [r4, #0]
10000a9a:	2b00      	cmp	r3, #0
10000a9c:	d00c      	beq.n	10000ab8 <runtime_init_mutex+0x2c>
10000a9e:	f7ff ff85 	bl	100009ac <next_striped_spin_lock_num>
10000aa2:	0001      	movs	r1, r0
10000aa4:	0020      	movs	r0, r4
10000aa6:	f7ff ffe9 	bl	10000a7c <lock_init>
10000aaa:	80a6      	strh	r6, [r4, #4]
10000aac:	f3bf 8f5f 	dmb	sy
10000ab0:	3408      	adds	r4, #8
10000ab2:	42ac      	cmp	r4, r5
10000ab4:	d3f0      	bcc.n	10000a98 <runtime_init_mutex+0xc>
10000ab6:	bd70      	pop	{r4, r5, r6, pc}
10000ab8:	f7ff ff78 	bl	100009ac <next_striped_spin_lock_num>
10000abc:	0001      	movs	r1, r0
10000abe:	0020      	movs	r0, r4
10000ac0:	f7ff ffdc 	bl	10000a7c <lock_init>
10000ac4:	7126      	strb	r6, [r4, #4]
10000ac6:	f3bf 8f5f 	dmb	sy
10000aca:	3408      	adds	r4, #8
10000acc:	42ac      	cmp	r4, r5
10000ace:	d3e3      	bcc.n	10000a98 <runtime_init_mutex+0xc>
10000ad0:	e7f1      	b.n	10000ab6 <runtime_init_mutex+0x2a>
10000ad2:	46c0      	nop			@ (mov r8, r8)
10000ad4:	200007f8 	.word	0x200007f8
10000ad8:	20000800 	.word	0x20000800

10000adc <sleep_until_callback>:
10000adc:	4b0a      	ldr	r3, [pc, #40]	@ (10000b08 <sleep_until_callback+0x2c>)
10000ade:	6819      	ldr	r1, [r3, #0]
10000ae0:	f3ef 8010 	mrs	r0, PRIMASK
10000ae4:	b672      	cpsid	i
10000ae6:	680a      	ldr	r2, [r1, #0]
10000ae8:	2a00      	cmp	r2, #0
10000aea:	d0fc      	beq.n	10000ae6 <sleep_until_callback+0xa>
10000aec:	f3bf 8f5f 	dmb	sy
10000af0:	681b      	ldr	r3, [r3, #0]
10000af2:	f3bf 8f5f 	dmb	sy
10000af6:	2200      	movs	r2, #0
10000af8:	601a      	str	r2, [r3, #0]
10000afa:	f380 8810 	msr	PRIMASK, r0
10000afe:	bf40      	sev
10000b00:	2000      	movs	r0, #0
10000b02:	2100      	movs	r1, #0
10000b04:	4770      	bx	lr
10000b06:	46c0      	nop			@ (mov r8, r8)
10000b08:	20000d8c 	.word	0x20000d8c

10000b0c <alarm_pool_irq_handler>:
10000b0c:	b5f0      	push	{r4, r5, r6, r7, lr}
10000b0e:	46de      	mov	lr, fp
10000b10:	4657      	mov	r7, sl
10000b12:	464e      	mov	r6, r9
10000b14:	4645      	mov	r5, r8
10000b16:	b5e0      	push	{r5, r6, r7, lr}
10000b18:	b087      	sub	sp, #28
10000b1a:	f3ef 8305 	mrs	r3, IPSR
10000b1e:	2203      	movs	r2, #3
10000b20:	2501      	movs	r5, #1
10000b22:	401a      	ands	r2, r3
10000b24:	4095      	lsls	r5, r2
10000b26:	0091      	lsls	r1, r2, #2
10000b28:	4688      	mov	r8, r1
10000b2a:	46a9      	mov	r9, r5
10000b2c:	4bb1      	ldr	r3, [pc, #708]	@ (10000df4 <alarm_pool_irq_handler+0x2e8>)
10000b2e:	9203      	str	r2, [sp, #12]
10000b30:	585c      	ldr	r4, [r3, r1]
10000b32:	4bb1      	ldr	r3, [pc, #708]	@ (10000df8 <alarm_pool_irq_handler+0x2ec>)
10000b34:	601d      	str	r5, [r3, #0]
10000b36:	4bb1      	ldr	r3, [pc, #708]	@ (10000dfc <alarm_pool_irq_handler+0x2f0>)
10000b38:	9304      	str	r3, [sp, #16]
10000b3a:	464b      	mov	r3, r9
10000b3c:	48b0      	ldr	r0, [pc, #704]	@ (10000e00 <alarm_pool_irq_handler+0x2f4>)
10000b3e:	6343      	str	r3, [r0, #52]	@ 0x34
10000b40:	2308      	movs	r3, #8
10000b42:	5ee5      	ldrsh	r5, [r4, r3]
10000b44:	2d00      	cmp	r5, #0
10000b46:	da37      	bge.n	10000bb8 <alarm_pool_irq_handler+0xac>
10000b48:	88a3      	ldrh	r3, [r4, #4]
10000b4a:	b21b      	sxth	r3, r3
10000b4c:	2b00      	cmp	r3, #0
10000b4e:	db00      	blt.n	10000b52 <alarm_pool_irq_handler+0x46>
10000b50:	e0ad      	b.n	10000cae <alarm_pool_irq_handler+0x1a2>
10000b52:	79a3      	ldrb	r3, [r4, #6]
10000b54:	2b00      	cmp	r3, #0
10000b56:	d000      	beq.n	10000b5a <alarm_pool_irq_handler+0x4e>
10000b58:	e0ee      	b.n	10000d38 <alarm_pool_irq_handler+0x22c>
10000b5a:	2308      	movs	r3, #8
10000b5c:	5ee1      	ldrsh	r1, [r4, r3]
10000b5e:	2900      	cmp	r1, #0
10000b60:	db20      	blt.n	10000ba4 <alarm_pool_irq_handler+0x98>
10000b62:	004b      	lsls	r3, r1, #1
10000b64:	6962      	ldr	r2, [r4, #20]
10000b66:	185b      	adds	r3, r3, r1
10000b68:	00db      	lsls	r3, r3, #3
10000b6a:	18d3      	adds	r3, r2, r3
10000b6c:	689e      	ldr	r6, [r3, #8]
10000b6e:	68dd      	ldr	r5, [r3, #12]
10000b70:	1c73      	adds	r3, r6, #1
10000b72:	d100      	bne.n	10000b76 <alarm_pool_irq_handler+0x6a>
10000b74:	e10d      	b.n	10000d92 <alarm_pool_irq_handler+0x286>
10000b76:	48a2      	ldr	r0, [pc, #648]	@ (10000e00 <alarm_pool_irq_handler+0x2f4>)
10000b78:	0001      	movs	r1, r0
10000b7a:	4441      	add	r1, r8
10000b7c:	6a82      	ldr	r2, [r0, #40]	@ 0x28
10000b7e:	690b      	ldr	r3, [r1, #16]
10000b80:	1ab7      	subs	r7, r6, r2
10000b82:	1a9b      	subs	r3, r3, r2
10000b84:	429f      	cmp	r7, r3
10000b86:	d315      	bcc.n	10000bb4 <alarm_pool_irq_handler+0xa8>
10000b88:	2301      	movs	r3, #1
10000b8a:	6a02      	ldr	r2, [r0, #32]
10000b8c:	9803      	ldr	r0, [sp, #12]
10000b8e:	4083      	lsls	r3, r0
10000b90:	421a      	tst	r2, r3
10000b92:	d00f      	beq.n	10000bb4 <alarm_pool_irq_handler+0xa8>
10000b94:	489a      	ldr	r0, [pc, #616]	@ (10000e00 <alarm_pool_irq_handler+0x2f4>)
10000b96:	f000 fb3b 	bl	10001210 <timer_time_us_64>
10000b9a:	428d      	cmp	r5, r1
10000b9c:	dc02      	bgt.n	10000ba4 <alarm_pool_irq_handler+0x98>
10000b9e:	d1cc      	bne.n	10000b3a <alarm_pool_irq_handler+0x2e>
10000ba0:	4286      	cmp	r6, r0
10000ba2:	d9ca      	bls.n	10000b3a <alarm_pool_irq_handler+0x2e>
10000ba4:	bf40      	sev
10000ba6:	b007      	add	sp, #28
10000ba8:	bcf0      	pop	{r4, r5, r6, r7}
10000baa:	46bb      	mov	fp, r7
10000bac:	46b2      	mov	sl, r6
10000bae:	46a9      	mov	r9, r5
10000bb0:	46a0      	mov	r8, r4
10000bb2:	bdf0      	pop	{r4, r5, r6, r7, pc}
10000bb4:	610e      	str	r6, [r1, #16]
10000bb6:	e7ed      	b.n	10000b94 <alarm_pool_irq_handler+0x88>
10000bb8:	6962      	ldr	r2, [r4, #20]
10000bba:	006b      	lsls	r3, r5, #1
10000bbc:	4692      	mov	sl, r2
10000bbe:	195b      	adds	r3, r3, r5
10000bc0:	00db      	lsls	r3, r3, #3
10000bc2:	449a      	add	sl, r3
10000bc4:	4653      	mov	r3, sl
10000bc6:	689e      	ldr	r6, [r3, #8]
10000bc8:	68df      	ldr	r7, [r3, #12]
10000bca:	f000 fb21 	bl	10001210 <timer_time_us_64>
10000bce:	428f      	cmp	r7, r1
10000bd0:	dcba      	bgt.n	10000b48 <alarm_pool_irq_handler+0x3c>
10000bd2:	d100      	bne.n	10000bd6 <alarm_pool_irq_handler+0xca>
10000bd4:	e0ff      	b.n	10000dd6 <alarm_pool_irq_handler+0x2ca>
10000bd6:	2f00      	cmp	r7, #0
10000bd8:	da00      	bge.n	10000bdc <alarm_pool_irq_handler+0xd0>
10000bda:	e0e4      	b.n	10000da6 <alarm_pool_irq_handler+0x29a>
10000bdc:	4652      	mov	r2, sl
10000bde:	4653      	mov	r3, sl
10000be0:	6952      	ldr	r2, [r2, #20]
10000be2:	691b      	ldr	r3, [r3, #16]
10000be4:	4693      	mov	fp, r2
10000be6:	9a04      	ldr	r2, [sp, #16]
10000be8:	4293      	cmp	r3, r2
10000bea:	d100      	bne.n	10000bee <alarm_pool_irq_handler+0xe2>
10000bec:	e0d5      	b.n	10000d9a <alarm_pool_irq_handler+0x28e>
10000bee:	4652      	mov	r2, sl
10000bf0:	2108      	movs	r1, #8
10000bf2:	5e60      	ldrsh	r0, [r4, r1]
10000bf4:	8852      	ldrh	r2, [r2, #2]
10000bf6:	0400      	lsls	r0, r0, #16
10000bf8:	4659      	mov	r1, fp
10000bfa:	4310      	orrs	r0, r2
10000bfc:	4798      	blx	r3
10000bfe:	9000      	str	r0, [sp, #0]
10000c00:	9101      	str	r1, [sp, #4]
10000c02:	9900      	ldr	r1, [sp, #0]
10000c04:	9a01      	ldr	r2, [sp, #4]
10000c06:	000b      	movs	r3, r1
10000c08:	0010      	movs	r0, r2
10000c0a:	4313      	orrs	r3, r2
10000c0c:	d100      	bne.n	10000c10 <alarm_pool_irq_handler+0x104>
10000c0e:	e0ca      	b.n	10000da6 <alarm_pool_irq_handler+0x29a>
10000c10:	0013      	movs	r3, r2
10000c12:	000a      	movs	r2, r1
10000c14:	1ab6      	subs	r6, r6, r2
10000c16:	419f      	sbcs	r7, r3
10000c18:	2800      	cmp	r0, #0
10000c1a:	db06      	blt.n	10000c2a <alarm_pool_irq_handler+0x11e>
10000c1c:	4878      	ldr	r0, [pc, #480]	@ (10000e00 <alarm_pool_irq_handler+0x2f4>)
10000c1e:	f000 faf7 	bl	10001210 <timer_time_us_64>
10000c22:	9e00      	ldr	r6, [sp, #0]
10000c24:	9f01      	ldr	r7, [sp, #4]
10000c26:	1836      	adds	r6, r6, r0
10000c28:	414f      	adcs	r7, r1
10000c2a:	4653      	mov	r3, sl
10000c2c:	609e      	str	r6, [r3, #8]
10000c2e:	60df      	str	r7, [r3, #12]
10000c30:	2200      	movs	r2, #0
10000c32:	5e9a      	ldrsh	r2, [r3, r2]
10000c34:	2a00      	cmp	r2, #0
10000c36:	da00      	bge.n	10000c3a <alarm_pool_irq_handler+0x12e>
10000c38:	e786      	b.n	10000b48 <alarm_pool_irq_handler+0x3c>
10000c3a:	0053      	lsls	r3, r2, #1
10000c3c:	1899      	adds	r1, r3, r2
10000c3e:	6960      	ldr	r0, [r4, #20]
10000c40:	00c9      	lsls	r1, r1, #3
10000c42:	1841      	adds	r1, r0, r1
10000c44:	9302      	str	r3, [sp, #8]
10000c46:	688b      	ldr	r3, [r1, #8]
10000c48:	68c9      	ldr	r1, [r1, #12]
10000c4a:	469b      	mov	fp, r3
10000c4c:	42b9      	cmp	r1, r7
10000c4e:	dd00      	ble.n	10000c52 <alarm_pool_irq_handler+0x146>
10000c50:	e77a      	b.n	10000b48 <alarm_pool_irq_handler+0x3c>
10000c52:	d102      	bne.n	10000c5a <alarm_pool_irq_handler+0x14e>
10000c54:	42b3      	cmp	r3, r6
10000c56:	d900      	bls.n	10000c5a <alarm_pool_irq_handler+0x14e>
10000c58:	e776      	b.n	10000b48 <alarm_pool_irq_handler+0x3c>
10000c5a:	2308      	movs	r3, #8
10000c5c:	469c      	mov	ip, r3
10000c5e:	44a4      	add	ip, r4
10000c60:	9505      	str	r5, [sp, #20]
10000c62:	4665      	mov	r5, ip
10000c64:	8122      	strh	r2, [r4, #8]
10000c66:	46a4      	mov	ip, r4
10000c68:	9b02      	ldr	r3, [sp, #8]
10000c6a:	002c      	movs	r4, r5
10000c6c:	e006      	b.n	10000c7c <alarm_pool_irq_handler+0x170>
10000c6e:	0053      	lsls	r3, r2, #1
10000c70:	1899      	adds	r1, r3, r2
10000c72:	00c9      	lsls	r1, r1, #3
10000c74:	1841      	adds	r1, r0, r1
10000c76:	688d      	ldr	r5, [r1, #8]
10000c78:	68c9      	ldr	r1, [r1, #12]
10000c7a:	46ab      	mov	fp, r5
10000c7c:	189b      	adds	r3, r3, r2
10000c7e:	00db      	lsls	r3, r3, #3
10000c80:	18c3      	adds	r3, r0, r3
10000c82:	42b9      	cmp	r1, r7
10000c84:	dc06      	bgt.n	10000c94 <alarm_pool_irq_handler+0x188>
10000c86:	d100      	bne.n	10000c8a <alarm_pool_irq_handler+0x17e>
10000c88:	e0af      	b.n	10000dea <alarm_pool_irq_handler+0x2de>
10000c8a:	001c      	movs	r4, r3
10000c8c:	2300      	movs	r3, #0
10000c8e:	5ee2      	ldrsh	r2, [r4, r3]
10000c90:	2a00      	cmp	r2, #0
10000c92:	daec      	bge.n	10000c6e <alarm_pool_irq_handler+0x162>
10000c94:	0023      	movs	r3, r4
10000c96:	4664      	mov	r4, ip
10000c98:	469c      	mov	ip, r3
10000c9a:	4653      	mov	r3, sl
10000c9c:	801a      	strh	r2, [r3, #0]
10000c9e:	4663      	mov	r3, ip
10000ca0:	9d05      	ldr	r5, [sp, #20]
10000ca2:	801d      	strh	r5, [r3, #0]
10000ca4:	88a3      	ldrh	r3, [r4, #4]
10000ca6:	b21b      	sxth	r3, r3
10000ca8:	2b00      	cmp	r3, #0
10000caa:	da00      	bge.n	10000cae <alarm_pool_irq_handler+0x1a2>
10000cac:	e751      	b.n	10000b52 <alarm_pool_irq_handler+0x46>
10000cae:	6922      	ldr	r2, [r4, #16]
10000cb0:	f3ef 8110 	mrs	r1, PRIMASK
10000cb4:	b672      	cpsid	i
10000cb6:	6813      	ldr	r3, [r2, #0]
10000cb8:	2b00      	cmp	r3, #0
10000cba:	d0fc      	beq.n	10000cb6 <alarm_pool_irq_handler+0x1aa>
10000cbc:	f3bf 8f5f 	dmb	sy
10000cc0:	2301      	movs	r3, #1
10000cc2:	88a7      	ldrh	r7, [r4, #4]
10000cc4:	425b      	negs	r3, r3
10000cc6:	80a3      	strh	r3, [r4, #4]
10000cc8:	b23f      	sxth	r7, r7
10000cca:	6923      	ldr	r3, [r4, #16]
10000ccc:	f3bf 8f5f 	dmb	sy
10000cd0:	2200      	movs	r2, #0
10000cd2:	601a      	str	r2, [r3, #0]
10000cd4:	f381 8810 	msr	PRIMASK, r1
10000cd8:	2f00      	cmp	r7, #0
10000cda:	da00      	bge.n	10000cde <alarm_pool_irq_handler+0x1d2>
10000cdc:	e739      	b.n	10000b52 <alarm_pool_irq_handler+0x46>
10000cde:	0023      	movs	r3, r4
10000ce0:	3308      	adds	r3, #8
10000ce2:	0022      	movs	r2, r4
10000ce4:	469a      	mov	sl, r3
10000ce6:	6966      	ldr	r6, [r4, #20]
10000ce8:	007b      	lsls	r3, r7, #1
10000cea:	19db      	adds	r3, r3, r7
10000cec:	00db      	lsls	r3, r3, #3
10000cee:	18f3      	adds	r3, r6, r3
10000cf0:	6899      	ldr	r1, [r3, #8]
10000cf2:	4650      	mov	r0, sl
10000cf4:	468c      	mov	ip, r1
10000cf6:	2408      	movs	r4, #8
10000cf8:	5f11      	ldrsh	r1, [r2, r4]
10000cfa:	68dd      	ldr	r5, [r3, #12]
10000cfc:	2900      	cmp	r1, #0
10000cfe:	db10      	blt.n	10000d22 <alarm_pool_irq_handler+0x216>
10000d00:	9302      	str	r3, [sp, #8]
10000d02:	e006      	b.n	10000d12 <alarm_pool_irq_handler+0x206>
10000d04:	42ab      	cmp	r3, r5
10000d06:	d040      	beq.n	10000d8a <alarm_pool_irq_handler+0x27e>
10000d08:	2300      	movs	r3, #0
10000d0a:	5ee1      	ldrsh	r1, [r4, r3]
10000d0c:	0020      	movs	r0, r4
10000d0e:	2900      	cmp	r1, #0
10000d10:	db06      	blt.n	10000d20 <alarm_pool_irq_handler+0x214>
10000d12:	004c      	lsls	r4, r1, #1
10000d14:	1864      	adds	r4, r4, r1
10000d16:	00e4      	lsls	r4, r4, #3
10000d18:	1934      	adds	r4, r6, r4
10000d1a:	68e3      	ldr	r3, [r4, #12]
10000d1c:	42ab      	cmp	r3, r5
10000d1e:	ddf1      	ble.n	10000d04 <alarm_pool_irq_handler+0x1f8>
10000d20:	9b02      	ldr	r3, [sp, #8]
10000d22:	8007      	strh	r7, [r0, #0]
10000d24:	2000      	movs	r0, #0
10000d26:	5e1f      	ldrsh	r7, [r3, r0]
10000d28:	8019      	strh	r1, [r3, #0]
10000d2a:	2f00      	cmp	r7, #0
10000d2c:	dadc      	bge.n	10000ce8 <alarm_pool_irq_handler+0x1dc>
10000d2e:	0014      	movs	r4, r2
10000d30:	79a3      	ldrb	r3, [r4, #6]
10000d32:	2b00      	cmp	r3, #0
10000d34:	d100      	bne.n	10000d38 <alarm_pool_irq_handler+0x22c>
10000d36:	e710      	b.n	10000b5a <alarm_pool_irq_handler+0x4e>
10000d38:	2300      	movs	r3, #0
10000d3a:	71a3      	strb	r3, [r4, #6]
10000d3c:	0026      	movs	r6, r4
10000d3e:	2308      	movs	r3, #8
10000d40:	5ee1      	ldrsh	r1, [r4, r3]
10000d42:	3608      	adds	r6, #8
10000d44:	1c4b      	adds	r3, r1, #1
10000d46:	d100      	bne.n	10000d4a <alarm_pool_irq_handler+0x23e>
10000d48:	e72c      	b.n	10000ba4 <alarm_pool_irq_handler+0x98>
10000d4a:	46b4      	mov	ip, r6
10000d4c:	6965      	ldr	r5, [r4, #20]
10000d4e:	e003      	b.n	10000d58 <alarm_pool_irq_handler+0x24c>
10000d50:	4684      	mov	ip, r0
10000d52:	1c4b      	adds	r3, r1, #1
10000d54:	d100      	bne.n	10000d58 <alarm_pool_irq_handler+0x24c>
10000d56:	e700      	b.n	10000b5a <alarm_pool_irq_handler+0x4e>
10000d58:	004b      	lsls	r3, r1, #1
10000d5a:	185b      	adds	r3, r3, r1
10000d5c:	00db      	lsls	r3, r3, #3
10000d5e:	18e8      	adds	r0, r5, r3
10000d60:	000a      	movs	r2, r1
10000d62:	5ee9      	ldrsh	r1, [r5, r3]
10000d64:	8843      	ldrh	r3, [r0, #2]
10000d66:	b21b      	sxth	r3, r3
10000d68:	2b00      	cmp	r3, #0
10000d6a:	daf1      	bge.n	10000d50 <alarm_pool_irq_handler+0x244>
10000d6c:	2601      	movs	r6, #1
10000d6e:	4276      	negs	r6, r6
10000d70:	17f7      	asrs	r7, r6, #31
10000d72:	6086      	str	r6, [r0, #8]
10000d74:	60c7      	str	r7, [r0, #12]
10000d76:	2608      	movs	r6, #8
10000d78:	5fa3      	ldrsh	r3, [r4, r6]
10000d7a:	4293      	cmp	r3, r2
10000d7c:	d0e9      	beq.n	10000d52 <alarm_pool_irq_handler+0x246>
10000d7e:	4663      	mov	r3, ip
10000d80:	8019      	strh	r1, [r3, #0]
10000d82:	8923      	ldrh	r3, [r4, #8]
10000d84:	8003      	strh	r3, [r0, #0]
10000d86:	8122      	strh	r2, [r4, #8]
10000d88:	e7e3      	b.n	10000d52 <alarm_pool_irq_handler+0x246>
10000d8a:	68a3      	ldr	r3, [r4, #8]
10000d8c:	4563      	cmp	r3, ip
10000d8e:	d9bb      	bls.n	10000d08 <alarm_pool_irq_handler+0x1fc>
10000d90:	e7c6      	b.n	10000d20 <alarm_pool_irq_handler+0x214>
10000d92:	1c6b      	adds	r3, r5, #1
10000d94:	d000      	beq.n	10000d98 <alarm_pool_irq_handler+0x28c>
10000d96:	e6ee      	b.n	10000b76 <alarm_pool_irq_handler+0x6a>
10000d98:	e6fc      	b.n	10000b94 <alarm_pool_irq_handler+0x88>
10000d9a:	465b      	mov	r3, fp
10000d9c:	4658      	mov	r0, fp
10000d9e:	691b      	ldr	r3, [r3, #16]
10000da0:	4798      	blx	r3
10000da2:	2800      	cmp	r0, #0
10000da4:	d11b      	bne.n	10000dde <alarm_pool_irq_handler+0x2d2>
10000da6:	4653      	mov	r3, sl
10000da8:	881b      	ldrh	r3, [r3, #0]
10000daa:	6922      	ldr	r2, [r4, #16]
10000dac:	8123      	strh	r3, [r4, #8]
10000dae:	f3ef 8310 	mrs	r3, PRIMASK
10000db2:	b672      	cpsid	i
10000db4:	6811      	ldr	r1, [r2, #0]
10000db6:	2900      	cmp	r1, #0
10000db8:	d0fc      	beq.n	10000db4 <alarm_pool_irq_handler+0x2a8>
10000dba:	f3bf 8f5f 	dmb	sy
10000dbe:	4651      	mov	r1, sl
10000dc0:	8862      	ldrh	r2, [r4, #2]
10000dc2:	800a      	strh	r2, [r1, #0]
10000dc4:	6922      	ldr	r2, [r4, #16]
10000dc6:	8065      	strh	r5, [r4, #2]
10000dc8:	f3bf 8f5f 	dmb	sy
10000dcc:	2100      	movs	r1, #0
10000dce:	6011      	str	r1, [r2, #0]
10000dd0:	f383 8810 	msr	PRIMASK, r3
10000dd4:	e6b8      	b.n	10000b48 <alarm_pool_irq_handler+0x3c>
10000dd6:	4286      	cmp	r6, r0
10000dd8:	d800      	bhi.n	10000ddc <alarm_pool_irq_handler+0x2d0>
10000dda:	e6fc      	b.n	10000bd6 <alarm_pool_irq_handler+0xca>
10000ddc:	e6b4      	b.n	10000b48 <alarm_pool_irq_handler+0x3c>
10000dde:	465b      	mov	r3, fp
10000de0:	681a      	ldr	r2, [r3, #0]
10000de2:	685b      	ldr	r3, [r3, #4]
10000de4:	9200      	str	r2, [sp, #0]
10000de6:	9301      	str	r3, [sp, #4]
10000de8:	e70b      	b.n	10000c02 <alarm_pool_irq_handler+0xf6>
10000dea:	45b3      	cmp	fp, r6
10000dec:	d800      	bhi.n	10000df0 <alarm_pool_irq_handler+0x2e4>
10000dee:	e74c      	b.n	10000c8a <alarm_pool_irq_handler+0x17e>
10000df0:	e750      	b.n	10000c94 <alarm_pool_irq_handler+0x188>
10000df2:	46c0      	nop			@ (mov r8, r8)
10000df4:	20000d78 	.word	0x20000d78
10000df8:	4005703c 	.word	0x4005703c
10000dfc:	10000b0d 	.word	0x10000b0d
10000e00:	40054000 	.word	0x40054000

10000e04 <runtime_init_default_alarm_pool>:
10000e04:	b570      	push	{r4, r5, r6, lr}
10000e06:	4c2e      	ldr	r4, [pc, #184]	@ (10000ec0 <runtime_init_default_alarm_pool+0xbc>)
10000e08:	6925      	ldr	r5, [r4, #16]
10000e0a:	2d00      	cmp	r5, #0
10000e0c:	d004      	beq.n	10000e18 <runtime_init_default_alarm_pool+0x14>
10000e0e:	210a      	movs	r1, #10
10000e10:	482c      	ldr	r0, [pc, #176]	@ (10000ec4 <runtime_init_default_alarm_pool+0xc0>)
10000e12:	f7ff fe33 	bl	10000a7c <lock_init>
10000e16:	bd70      	pop	{r4, r5, r6, pc}
10000e18:	4e2b      	ldr	r6, [pc, #172]	@ (10000ec8 <runtime_init_default_alarm_pool+0xc4>)
10000e1a:	2103      	movs	r1, #3
10000e1c:	0030      	movs	r0, r6
10000e1e:	f000 f9ed 	bl	100011fc <timer_hardware_alarm_claim>
10000e22:	60e6      	str	r6, [r4, #12]
10000e24:	f7ff fdc2 	bl	100009ac <next_striped_spin_lock_num>
10000e28:	4b28      	ldr	r3, [pc, #160]	@ (10000ecc <runtime_init_default_alarm_pool+0xc8>)
10000e2a:	2203      	movs	r2, #3
10000e2c:	469c      	mov	ip, r3
10000e2e:	23d0      	movs	r3, #208	@ 0xd0
10000e30:	7022      	strb	r2, [r4, #0]
10000e32:	061b      	lsls	r3, r3, #24
10000e34:	681b      	ldr	r3, [r3, #0]
10000e36:	2101      	movs	r1, #1
10000e38:	7063      	strb	r3, [r4, #1]
10000e3a:	4b25      	ldr	r3, [pc, #148]	@ (10000ed0 <runtime_init_default_alarm_pool+0xcc>)
10000e3c:	4460      	add	r0, ip
10000e3e:	60a3      	str	r3, [r4, #8]
10000e40:	230f      	movs	r3, #15
10000e42:	0080      	lsls	r0, r0, #2
10000e44:	6120      	str	r0, [r4, #16]
10000e46:	2002      	movs	r0, #2
10000e48:	8063      	strh	r3, [r4, #2]
10000e4a:	6963      	ldr	r3, [r4, #20]
10000e4c:	4249      	negs	r1, r1
10000e4e:	80a1      	strh	r1, [r4, #4]
10000e50:	8019      	strh	r1, [r3, #0]
10000e52:	3102      	adds	r1, #2
10000e54:	8619      	strh	r1, [r3, #48]	@ 0x30
10000e56:	3147      	adds	r1, #71	@ 0x47
10000e58:	831d      	strh	r5, [r3, #24]
10000e5a:	5258      	strh	r0, [r3, r1]
10000e5c:	3118      	adds	r1, #24
10000e5e:	525a      	strh	r2, [r3, r1]
10000e60:	3275      	adds	r2, #117	@ 0x75
10000e62:	395c      	subs	r1, #92	@ 0x5c
10000e64:	5299      	strh	r1, [r3, r2]
10000e66:	3218      	adds	r2, #24
10000e68:	3101      	adds	r1, #1
10000e6a:	5299      	strh	r1, [r3, r2]
10000e6c:	3218      	adds	r2, #24
10000e6e:	3101      	adds	r1, #1
10000e70:	5299      	strh	r1, [r3, r2]
10000e72:	3218      	adds	r2, #24
10000e74:	3101      	adds	r1, #1
10000e76:	5299      	strh	r1, [r3, r2]
10000e78:	3508      	adds	r5, #8
10000e7a:	3218      	adds	r2, #24
10000e7c:	529d      	strh	r5, [r3, r2]
10000e7e:	3102      	adds	r1, #2
10000e80:	3218      	adds	r2, #24
10000e82:	5299      	strh	r1, [r3, r2]
10000e84:	3218      	adds	r2, #24
10000e86:	3101      	adds	r1, #1
10000e88:	5299      	strh	r1, [r3, r2]
10000e8a:	3218      	adds	r2, #24
10000e8c:	3101      	adds	r1, #1
10000e8e:	5299      	strh	r1, [r3, r2]
10000e90:	3218      	adds	r2, #24
10000e92:	3101      	adds	r1, #1
10000e94:	5299      	strh	r1, [r3, r2]
10000e96:	3218      	adds	r2, #24
10000e98:	3101      	adds	r1, #1
10000e9a:	5299      	strh	r1, [r3, r2]
10000e9c:	3218      	adds	r2, #24
10000e9e:	3101      	adds	r1, #1
10000ea0:	5299      	strh	r1, [r3, r2]
10000ea2:	4b0c      	ldr	r3, [pc, #48]	@ (10000ed4 <runtime_init_default_alarm_pool+0xd0>)
10000ea4:	490c      	ldr	r1, [pc, #48]	@ (10000ed8 <runtime_init_default_alarm_pool+0xd4>)
10000ea6:	60dc      	str	r4, [r3, #12]
10000ea8:	3001      	adds	r0, #1
10000eaa:	6235      	str	r5, [r6, #32]
10000eac:	f7ff fdbc 	bl	10000a28 <irq_set_exclusive_handler>
10000eb0:	2101      	movs	r1, #1
10000eb2:	2003      	movs	r0, #3
10000eb4:	f7ff fda6 	bl	10000a04 <irq_set_enabled>
10000eb8:	4b08      	ldr	r3, [pc, #32]	@ (10000edc <runtime_init_default_alarm_pool+0xd8>)
10000eba:	601d      	str	r5, [r3, #0]
10000ebc:	e7a7      	b.n	10000e0e <runtime_init_default_alarm_pool+0xa>
10000ebe:	46c0      	nop			@ (mov r8, r8)
10000ec0:	2000019c 	.word	0x2000019c
10000ec4:	20000d8c 	.word	0x20000d8c
10000ec8:	40054000 	.word	0x40054000
10000ecc:	34000040 	.word	0x34000040
10000ed0:	0010ffff 	.word	0x0010ffff
10000ed4:	20000d78 	.word	0x20000d78
10000ed8:	10000b0d 	.word	0x10000b0d
10000edc:	40056038 	.word	0x40056038

10000ee0 <alarm_pool_add_alarm_at_force_in_context>:
10000ee0:	b570      	push	{r4, r5, r6, lr}
10000ee2:	0001      	movs	r1, r0
10000ee4:	6904      	ldr	r4, [r0, #16]
10000ee6:	f3ef 8c10 	mrs	ip, PRIMASK
10000eea:	b672      	cpsid	i
10000eec:	6820      	ldr	r0, [r4, #0]
10000eee:	2800      	cmp	r0, #0
10000ef0:	d0fc      	beq.n	10000eec <alarm_pool_add_alarm_at_force_in_context+0xc>
10000ef2:	f3bf 8f5f 	dmb	sy
10000ef6:	2002      	movs	r0, #2
10000ef8:	5e0d      	ldrsh	r5, [r1, r0]
10000efa:	694c      	ldr	r4, [r1, #20]
10000efc:	0068      	lsls	r0, r5, #1
10000efe:	1940      	adds	r0, r0, r5
10000f00:	00c0      	lsls	r0, r0, #3
10000f02:	1824      	adds	r4, r4, r0
10000f04:	6908      	ldr	r0, [r1, #16]
10000f06:	2d00      	cmp	r5, #0
10000f08:	db36      	blt.n	10000f78 <alarm_pool_add_alarm_at_force_in_context+0x98>
10000f0a:	8826      	ldrh	r6, [r4, #0]
10000f0c:	804e      	strh	r6, [r1, #2]
10000f0e:	f3bf 8f5f 	dmb	sy
10000f12:	2600      	movs	r6, #0
10000f14:	6006      	str	r6, [r0, #0]
10000f16:	f38c 8810 	msr	PRIMASK, ip
10000f1a:	60e3      	str	r3, [r4, #12]
10000f1c:	8863      	ldrh	r3, [r4, #2]
10000f1e:	9804      	ldr	r0, [sp, #16]
10000f20:	3301      	adds	r3, #1
10000f22:	6120      	str	r0, [r4, #16]
10000f24:	045b      	lsls	r3, r3, #17
10000f26:	9805      	ldr	r0, [sp, #20]
10000f28:	0c5b      	lsrs	r3, r3, #17
10000f2a:	60a2      	str	r2, [r4, #8]
10000f2c:	6160      	str	r0, [r4, #20]
10000f2e:	1c1a      	adds	r2, r3, #0
10000f30:	2b00      	cmp	r3, #0
10000f32:	d01f      	beq.n	10000f74 <alarm_pool_add_alarm_at_force_in_context+0x94>
10000f34:	b293      	uxth	r3, r2
10000f36:	0428      	lsls	r0, r5, #16
10000f38:	8062      	strh	r2, [r4, #2]
10000f3a:	4318      	orrs	r0, r3
10000f3c:	690a      	ldr	r2, [r1, #16]
10000f3e:	f3ef 8c10 	mrs	ip, PRIMASK
10000f42:	b672      	cpsid	i
10000f44:	6813      	ldr	r3, [r2, #0]
10000f46:	2b00      	cmp	r3, #0
10000f48:	d0fc      	beq.n	10000f44 <alarm_pool_add_alarm_at_force_in_context+0x64>
10000f4a:	f3bf 8f5f 	dmb	sy
10000f4e:	888b      	ldrh	r3, [r1, #4]
10000f50:	8023      	strh	r3, [r4, #0]
10000f52:	808d      	strh	r5, [r1, #4]
10000f54:	690b      	ldr	r3, [r1, #16]
10000f56:	f3bf 8f5f 	dmb	sy
10000f5a:	2200      	movs	r2, #0
10000f5c:	601a      	str	r2, [r3, #0]
10000f5e:	f38c 8810 	msr	PRIMASK, ip
10000f62:	780b      	ldrb	r3, [r1, #0]
10000f64:	3201      	adds	r2, #1
10000f66:	409a      	lsls	r2, r3
10000f68:	68cb      	ldr	r3, [r1, #12]
10000f6a:	4908      	ldr	r1, [pc, #32]	@ (10000f8c <alarm_pool_add_alarm_at_force_in_context+0xac>)
10000f6c:	468c      	mov	ip, r1
10000f6e:	4463      	add	r3, ip
10000f70:	601a      	str	r2, [r3, #0]
10000f72:	bd70      	pop	{r4, r5, r6, pc}
10000f74:	2201      	movs	r2, #1
10000f76:	e7dd      	b.n	10000f34 <alarm_pool_add_alarm_at_force_in_context+0x54>
10000f78:	f3bf 8f5f 	dmb	sy
10000f7c:	2300      	movs	r3, #0
10000f7e:	6003      	str	r3, [r0, #0]
10000f80:	f38c 8810 	msr	PRIMASK, ip
10000f84:	2001      	movs	r0, #1
10000f86:	4240      	negs	r0, r0
10000f88:	e7f3      	b.n	10000f72 <alarm_pool_add_alarm_at_force_in_context+0x92>
10000f8a:	46c0      	nop			@ (mov r8, r8)
10000f8c:	0000203c 	.word	0x0000203c

10000f90 <alarm_pool_cancel_alarm>:
10000f90:	b510      	push	{r4, lr}
10000f92:	8943      	ldrh	r3, [r0, #10]
10000f94:	140a      	asrs	r2, r1, #16
10000f96:	4293      	cmp	r3, r2
10000f98:	dd1a      	ble.n	10000fd0 <alarm_pool_cancel_alarm+0x40>
10000f9a:	0053      	lsls	r3, r2, #1
10000f9c:	189b      	adds	r3, r3, r2
10000f9e:	6942      	ldr	r2, [r0, #20]
10000fa0:	00db      	lsls	r3, r3, #3
10000fa2:	18d3      	adds	r3, r2, r3
10000fa4:	6904      	ldr	r4, [r0, #16]
10000fa6:	f3ef 8c10 	mrs	ip, PRIMASK
10000faa:	b672      	cpsid	i
10000fac:	6822      	ldr	r2, [r4, #0]
10000fae:	2a00      	cmp	r2, #0
10000fb0:	d0fc      	beq.n	10000fac <alarm_pool_cancel_alarm+0x1c>
10000fb2:	f3bf 8f5f 	dmb	sy
10000fb6:	885a      	ldrh	r2, [r3, #2]
10000fb8:	0409      	lsls	r1, r1, #16
10000fba:	b294      	uxth	r4, r2
10000fbc:	0c09      	lsrs	r1, r1, #16
10000fbe:	428a      	cmp	r2, r1
10000fc0:	d008      	beq.n	10000fd4 <alarm_pool_cancel_alarm+0x44>
10000fc2:	6903      	ldr	r3, [r0, #16]
10000fc4:	f3bf 8f5f 	dmb	sy
10000fc8:	2200      	movs	r2, #0
10000fca:	601a      	str	r2, [r3, #0]
10000fcc:	f38c 8810 	msr	PRIMASK, ip
10000fd0:	2000      	movs	r0, #0
10000fd2:	bd10      	pop	{r4, pc}
10000fd4:	2280      	movs	r2, #128	@ 0x80
10000fd6:	0212      	lsls	r2, r2, #8
10000fd8:	4314      	orrs	r4, r2
10000fda:	805c      	strh	r4, [r3, #2]
10000fdc:	2301      	movs	r3, #1
10000fde:	6902      	ldr	r2, [r0, #16]
10000fe0:	7183      	strb	r3, [r0, #6]
10000fe2:	f3bf 8f5f 	dmb	sy
10000fe6:	2100      	movs	r1, #0
10000fe8:	6011      	str	r1, [r2, #0]
10000fea:	f38c 8810 	msr	PRIMASK, ip
10000fee:	4904      	ldr	r1, [pc, #16]	@ (10001000 <alarm_pool_cancel_alarm+0x70>)
10000ff0:	7802      	ldrb	r2, [r0, #0]
10000ff2:	468c      	mov	ip, r1
10000ff4:	4093      	lsls	r3, r2
10000ff6:	68c2      	ldr	r2, [r0, #12]
10000ff8:	2001      	movs	r0, #1
10000ffa:	4462      	add	r2, ip
10000ffc:	6013      	str	r3, [r2, #0]
10000ffe:	e7e8      	b.n	10000fd2 <alarm_pool_cancel_alarm+0x42>
10001000:	0000203c 	.word	0x0000203c

10001004 <sleep_us>:
10001004:	b5f0      	push	{r4, r5, r6, r7, lr}
10001006:	46c6      	mov	lr, r8
10001008:	b500      	push	{lr}
1000100a:	b082      	sub	sp, #8
1000100c:	0004      	movs	r4, r0
1000100e:	000d      	movs	r5, r1
10001010:	f000 f906 	bl	10001220 <time_us_64>
10001014:	1824      	adds	r4, r4, r0
10001016:	414d      	adcs	r5, r1
10001018:	2d00      	cmp	r5, #0
1000101a:	da02      	bge.n	10001022 <sleep_us+0x1e>
1000101c:	2401      	movs	r4, #1
1000101e:	4d2f      	ldr	r5, [pc, #188]	@ (100010dc <sleep_us+0xd8>)
10001020:	4264      	negs	r4, r4
10001022:	2606      	movs	r6, #6
10001024:	4276      	negs	r6, r6
10001026:	17f7      	asrs	r7, r6, #31
10001028:	1936      	adds	r6, r6, r4
1000102a:	416f      	adcs	r7, r5
1000102c:	42af      	cmp	r7, r5
1000102e:	d814      	bhi.n	1000105a <sleep_us+0x56>
10001030:	d011      	beq.n	10001056 <sleep_us+0x52>
10001032:	f000 f8f5 	bl	10001220 <time_us_64>
10001036:	0032      	movs	r2, r6
10001038:	003b      	movs	r3, r7
1000103a:	1a12      	subs	r2, r2, r0
1000103c:	418b      	sbcs	r3, r1
1000103e:	2b00      	cmp	r3, #0
10001040:	dc15      	bgt.n	1000106e <sleep_us+0x6a>
10001042:	2b00      	cmp	r3, #0
10001044:	d046      	beq.n	100010d4 <sleep_us+0xd0>
10001046:	0020      	movs	r0, r4
10001048:	0029      	movs	r1, r5
1000104a:	f000 f8f3 	bl	10001234 <busy_wait_until>
1000104e:	b002      	add	sp, #8
10001050:	bc80      	pop	{r7}
10001052:	46b8      	mov	r8, r7
10001054:	bdf0      	pop	{r4, r5, r6, r7, pc}
10001056:	42a6      	cmp	r6, r4
10001058:	d9eb      	bls.n	10001032 <sleep_us+0x2e>
1000105a:	2600      	movs	r6, #0
1000105c:	2700      	movs	r7, #0
1000105e:	f000 f8df 	bl	10001220 <time_us_64>
10001062:	0032      	movs	r2, r6
10001064:	003b      	movs	r3, r7
10001066:	1a12      	subs	r2, r2, r0
10001068:	418b      	sbcs	r3, r1
1000106a:	2b00      	cmp	r3, #0
1000106c:	dde9      	ble.n	10001042 <sleep_us+0x3e>
1000106e:	f000 f8d7 	bl	10001220 <time_us_64>
10001072:	0032      	movs	r2, r6
10001074:	003b      	movs	r3, r7
10001076:	1a12      	subs	r2, r2, r0
10001078:	418b      	sbcs	r3, r1
1000107a:	2b00      	cmp	r3, #0
1000107c:	db0a      	blt.n	10001094 <sleep_us+0x90>
1000107e:	2300      	movs	r3, #0
10001080:	9301      	str	r3, [sp, #4]
10001082:	4b17      	ldr	r3, [pc, #92]	@ (100010e0 <sleep_us+0xdc>)
10001084:	0032      	movs	r2, r6
10001086:	9300      	str	r3, [sp, #0]
10001088:	4816      	ldr	r0, [pc, #88]	@ (100010e4 <sleep_us+0xe0>)
1000108a:	003b      	movs	r3, r7
1000108c:	f7ff ff28 	bl	10000ee0 <alarm_pool_add_alarm_at_force_in_context>
10001090:	3001      	adds	r0, #1
10001092:	d0d8      	beq.n	10001046 <sleep_us+0x42>
10001094:	2300      	movs	r3, #0
10001096:	0039      	movs	r1, r7
10001098:	46b0      	mov	r8, r6
1000109a:	469c      	mov	ip, r3
1000109c:	4a12      	ldr	r2, [pc, #72]	@ (100010e8 <sleep_us+0xe4>)
1000109e:	4813      	ldr	r0, [pc, #76]	@ (100010ec <sleep_us+0xe8>)
100010a0:	6a53      	ldr	r3, [r2, #36]	@ 0x24
100010a2:	4299      	cmp	r1, r3
100010a4:	d804      	bhi.n	100010b0 <sleep_us+0xac>
100010a6:	6a96      	ldr	r6, [r2, #40]	@ 0x28
100010a8:	4546      	cmp	r6, r8
100010aa:	d2cc      	bcs.n	10001046 <sleep_us+0x42>
100010ac:	4299      	cmp	r1, r3
100010ae:	d1ca      	bne.n	10001046 <sleep_us+0x42>
100010b0:	6806      	ldr	r6, [r0, #0]
100010b2:	f3ef 8710 	mrs	r7, PRIMASK
100010b6:	b672      	cpsid	i
100010b8:	6833      	ldr	r3, [r6, #0]
100010ba:	2b00      	cmp	r3, #0
100010bc:	d0fc      	beq.n	100010b8 <sleep_us+0xb4>
100010be:	f3bf 8f5f 	dmb	sy
100010c2:	6803      	ldr	r3, [r0, #0]
100010c4:	f3bf 8f5f 	dmb	sy
100010c8:	4666      	mov	r6, ip
100010ca:	601e      	str	r6, [r3, #0]
100010cc:	f387 8810 	msr	PRIMASK, r7
100010d0:	bf20      	wfe
100010d2:	e7e5      	b.n	100010a0 <sleep_us+0x9c>
100010d4:	2a00      	cmp	r2, #0
100010d6:	d0b6      	beq.n	10001046 <sleep_us+0x42>
100010d8:	e7c9      	b.n	1000106e <sleep_us+0x6a>
100010da:	46c0      	nop			@ (mov r8, r8)
100010dc:	7fffffff 	.word	0x7fffffff
100010e0:	10000add 	.word	0x10000add
100010e4:	2000019c 	.word	0x2000019c
100010e8:	40054000 	.word	0x40054000
100010ec:	20000d8c 	.word	0x20000d8c

100010f0 <best_effort_wfe_or_timeout>:
100010f0:	b5f0      	push	{r4, r5, r6, r7, lr}
100010f2:	4657      	mov	r7, sl
100010f4:	464e      	mov	r6, r9
100010f6:	46de      	mov	lr, fp
100010f8:	4645      	mov	r5, r8
100010fa:	b5e0      	push	{r5, r6, r7, lr}
100010fc:	0006      	movs	r6, r0
100010fe:	000f      	movs	r7, r1
10001100:	b085      	sub	sp, #20
10001102:	f3ef 8305 	mrs	r3, IPSR
10001106:	4699      	mov	r9, r3
10001108:	468b      	mov	fp, r1
1000110a:	2b00      	cmp	r3, #0
1000110c:	d012      	beq.n	10001134 <best_effort_wfe_or_timeout+0x44>
1000110e:	4938      	ldr	r1, [pc, #224]	@ (100011f0 <best_effort_wfe_or_timeout+0x100>)
10001110:	2000      	movs	r0, #0
10001112:	6a4b      	ldr	r3, [r1, #36]	@ 0x24
10001114:	42bb      	cmp	r3, r7
10001116:	d306      	bcc.n	10001126 <best_effort_wfe_or_timeout+0x36>
10001118:	6a8a      	ldr	r2, [r1, #40]	@ 0x28
1000111a:	1bdb      	subs	r3, r3, r7
1000111c:	1e59      	subs	r1, r3, #1
1000111e:	418b      	sbcs	r3, r1
10001120:	42b2      	cmp	r2, r6
10001122:	4140      	adcs	r0, r0
10001124:	4318      	orrs	r0, r3
10001126:	b005      	add	sp, #20
10001128:	bcf0      	pop	{r4, r5, r6, r7}
1000112a:	46bb      	mov	fp, r7
1000112c:	46b2      	mov	sl, r6
1000112e:	46a9      	mov	r9, r5
10001130:	46a0      	mov	r8, r4
10001132:	bdf0      	pop	{r4, r5, r6, r7, pc}
10001134:	4b2f      	ldr	r3, [pc, #188]	@ (100011f4 <best_effort_wfe_or_timeout+0x104>)
10001136:	469a      	mov	sl, r3
10001138:	68db      	ldr	r3, [r3, #12]
1000113a:	4698      	mov	r8, r3
1000113c:	4653      	mov	r3, sl
1000113e:	781b      	ldrb	r3, [r3, #0]
10001140:	4640      	mov	r0, r8
10001142:	9303      	str	r3, [sp, #12]
10001144:	f000 f864 	bl	10001210 <timer_time_us_64>
10001148:	4642      	mov	r2, r8
1000114a:	9b03      	ldr	r3, [sp, #12]
1000114c:	0004      	movs	r4, r0
1000114e:	3304      	adds	r3, #4
10001150:	009b      	lsls	r3, r3, #2
10001152:	589b      	ldr	r3, [r3, r2]
10001154:	000d      	movs	r5, r1
10001156:	1a1b      	subs	r3, r3, r0
10001158:	0039      	movs	r1, r7
1000115a:	0030      	movs	r0, r6
1000115c:	1b00      	subs	r0, r0, r4
1000115e:	41a9      	sbcs	r1, r5
10001160:	4589      	cmp	r9, r1
10001162:	dc10      	bgt.n	10001186 <best_effort_wfe_or_timeout+0x96>
10001164:	d00d      	beq.n	10001182 <best_effort_wfe_or_timeout+0x92>
10001166:	bf20      	wfe
10001168:	4a21      	ldr	r2, [pc, #132]	@ (100011f0 <best_effort_wfe_or_timeout+0x100>)
1000116a:	2000      	movs	r0, #0
1000116c:	6a53      	ldr	r3, [r2, #36]	@ 0x24
1000116e:	455b      	cmp	r3, fp
10001170:	d3d9      	bcc.n	10001126 <best_effort_wfe_or_timeout+0x36>
10001172:	6a92      	ldr	r2, [r2, #40]	@ 0x28
10001174:	1bdb      	subs	r3, r3, r7
10001176:	1e59      	subs	r1, r3, #1
10001178:	418b      	sbcs	r3, r1
1000117a:	42b2      	cmp	r2, r6
1000117c:	4140      	adcs	r0, r0
1000117e:	4318      	orrs	r0, r3
10001180:	e7d1      	b.n	10001126 <best_effort_wfe_or_timeout+0x36>
10001182:	4283      	cmp	r3, r0
10001184:	d9ef      	bls.n	10001166 <best_effort_wfe_or_timeout+0x76>
10001186:	f000 f84b 	bl	10001220 <time_us_64>
1000118a:	0032      	movs	r2, r6
1000118c:	003b      	movs	r3, r7
1000118e:	1a12      	subs	r2, r2, r0
10001190:	418b      	sbcs	r3, r1
10001192:	2b00      	cmp	r3, #0
10001194:	db1a      	blt.n	100011cc <best_effort_wfe_or_timeout+0xdc>
10001196:	2300      	movs	r3, #0
10001198:	9301      	str	r3, [sp, #4]
1000119a:	4b17      	ldr	r3, [pc, #92]	@ (100011f8 <best_effort_wfe_or_timeout+0x108>)
1000119c:	0032      	movs	r2, r6
1000119e:	9300      	str	r3, [sp, #0]
100011a0:	4650      	mov	r0, sl
100011a2:	003b      	movs	r3, r7
100011a4:	f7ff fe9c 	bl	10000ee0 <alarm_pool_add_alarm_at_force_in_context>
100011a8:	1e01      	subs	r1, r0, #0
100011aa:	dd0f      	ble.n	100011cc <best_effort_wfe_or_timeout+0xdc>
100011ac:	4b10      	ldr	r3, [pc, #64]	@ (100011f0 <best_effort_wfe_or_timeout+0x100>)
100011ae:	6a5a      	ldr	r2, [r3, #36]	@ 0x24
100011b0:	455a      	cmp	r2, fp
100011b2:	d31b      	bcc.n	100011ec <best_effort_wfe_or_timeout+0xfc>
100011b4:	6a9b      	ldr	r3, [r3, #40]	@ 0x28
100011b6:	42b3      	cmp	r3, r6
100011b8:	d316      	bcc.n	100011e8 <best_effort_wfe_or_timeout+0xf8>
100011ba:	4650      	mov	r0, sl
100011bc:	f7ff fee8 	bl	10000f90 <alarm_pool_cancel_alarm>
100011c0:	4a0b      	ldr	r2, [pc, #44]	@ (100011f0 <best_effort_wfe_or_timeout+0x100>)
100011c2:	2000      	movs	r0, #0
100011c4:	6a53      	ldr	r3, [r2, #36]	@ 0x24
100011c6:	455b      	cmp	r3, fp
100011c8:	d3ad      	bcc.n	10001126 <best_effort_wfe_or_timeout+0x36>
100011ca:	e7d2      	b.n	10001172 <best_effort_wfe_or_timeout+0x82>
100011cc:	4a08      	ldr	r2, [pc, #32]	@ (100011f0 <best_effort_wfe_or_timeout+0x100>)
100011ce:	2000      	movs	r0, #0
100011d0:	6a53      	ldr	r3, [r2, #36]	@ 0x24
100011d2:	455b      	cmp	r3, fp
100011d4:	d3a7      	bcc.n	10001126 <best_effort_wfe_or_timeout+0x36>
100011d6:	2000      	movs	r0, #0
100011d8:	6a92      	ldr	r2, [r2, #40]	@ 0x28
100011da:	1bdb      	subs	r3, r3, r7
100011dc:	42b2      	cmp	r2, r6
100011de:	4140      	adcs	r0, r0
100011e0:	1e5a      	subs	r2, r3, #1
100011e2:	4193      	sbcs	r3, r2
100011e4:	4318      	orrs	r0, r3
100011e6:	e79e      	b.n	10001126 <best_effort_wfe_or_timeout+0x36>
100011e8:	455a      	cmp	r2, fp
100011ea:	d1e6      	bne.n	100011ba <best_effort_wfe_or_timeout+0xca>
100011ec:	bf20      	wfe
100011ee:	e7e4      	b.n	100011ba <best_effort_wfe_or_timeout+0xca>
100011f0:	40054000 	.word	0x40054000
100011f4:	2000019c 	.word	0x2000019c
100011f8:	10000add 	.word	0x10000add

100011fc <timer_hardware_alarm_claim>:
100011fc:	b510      	push	{r4, lr}
100011fe:	4a02      	ldr	r2, [pc, #8]	@ (10001208 <timer_hardware_alarm_claim+0xc>)
10001200:	4802      	ldr	r0, [pc, #8]	@ (1000120c <timer_hardware_alarm_claim+0x10>)
10001202:	f7ff fbb1 	bl	10000968 <hw_claim_or_assert>
10001206:	bd10      	pop	{r4, pc}
10001208:	10002980 	.word	0x10002980
1000120c:	20000d08 	.word	0x20000d08

10001210 <timer_time_us_64>:
10001210:	0003      	movs	r3, r0
10001212:	6a41      	ldr	r1, [r0, #36]	@ 0x24
10001214:	000a      	movs	r2, r1
10001216:	6a98      	ldr	r0, [r3, #40]	@ 0x28
10001218:	6a59      	ldr	r1, [r3, #36]	@ 0x24
1000121a:	428a      	cmp	r2, r1
1000121c:	d1fa      	bne.n	10001214 <timer_time_us_64+0x4>
1000121e:	4770      	bx	lr

10001220 <time_us_64>:
10001220:	4b03      	ldr	r3, [pc, #12]	@ (10001230 <time_us_64+0x10>)
10001222:	6a59      	ldr	r1, [r3, #36]	@ 0x24
10001224:	000a      	movs	r2, r1
10001226:	6a98      	ldr	r0, [r3, #40]	@ 0x28
10001228:	6a59      	ldr	r1, [r3, #36]	@ 0x24
1000122a:	4291      	cmp	r1, r2
1000122c:	d1fa      	bne.n	10001224 <time_us_64+0x4>
1000122e:	4770      	bx	lr
10001230:	40054000 	.word	0x40054000

10001234 <busy_wait_until>:
10001234:	4a06      	ldr	r2, [pc, #24]	@ (10001250 <busy_wait_until+0x1c>)
10001236:	6a53      	ldr	r3, [r2, #36]	@ 0x24
10001238:	4299      	cmp	r1, r3
1000123a:	d8fc      	bhi.n	10001236 <busy_wait_until+0x2>
1000123c:	d107      	bne.n	1000124e <busy_wait_until+0x1a>
1000123e:	4b04      	ldr	r3, [pc, #16]	@ (10001250 <busy_wait_until+0x1c>)
10001240:	e002      	b.n	10001248 <busy_wait_until+0x14>
10001242:	6a5a      	ldr	r2, [r3, #36]	@ 0x24
10001244:	4291      	cmp	r1, r2
10001246:	d102      	bne.n	1000124e <busy_wait_until+0x1a>
10001248:	6a9a      	ldr	r2, [r3, #40]	@ 0x28
1000124a:	4290      	cmp	r0, r2
1000124c:	d8f9      	bhi.n	10001242 <busy_wait_until+0xe>
1000124e:	4770      	bx	lr
10001250:	40054000 	.word	0x40054000

10001254 <clock_configure_int_divider>:
10001254:	b5f8      	push	{r3, r4, r5, r6, r7, lr}
10001256:	46de      	mov	lr, fp
10001258:	464e      	mov	r6, r9
1000125a:	4657      	mov	r7, sl
1000125c:	4645      	mov	r5, r8
1000125e:	b5e0      	push	{r5, r6, r7, lr}
10001260:	468b      	mov	fp, r1
10001262:	0005      	movs	r5, r0
10001264:	990a      	ldr	r1, [sp, #40]	@ 0x28
10001266:	0018      	movs	r0, r3
10001268:	0016      	movs	r6, r2
1000126a:	f000 fab3 	bl	100017d4 <__wrap___aeabi_uidiv>
1000126e:	9b0a      	ldr	r3, [sp, #40]	@ 0x28
10001270:	006c      	lsls	r4, r5, #1
10001272:	021f      	lsls	r7, r3, #8
10001274:	4b32      	ldr	r3, [pc, #200]	@ (10001340 <clock_configure_int_divider+0xec>)
10001276:	1964      	adds	r4, r4, r5
10001278:	469c      	mov	ip, r3
1000127a:	00a4      	lsls	r4, r4, #2
1000127c:	4464      	add	r4, ip
1000127e:	6863      	ldr	r3, [r4, #4]
10001280:	4681      	mov	r9, r0
10001282:	429f      	cmp	r7, r3
10001284:	d900      	bls.n	10001288 <clock_configure_int_divider+0x34>
10001286:	6067      	str	r7, [r4, #4]
10001288:	1f2b      	subs	r3, r5, #4
1000128a:	b2db      	uxtb	r3, r3
1000128c:	4698      	mov	r8, r3
1000128e:	2b01      	cmp	r3, #1
10001290:	d930      	bls.n	100012f4 <clock_configure_int_divider+0xa0>
10001292:	23c0      	movs	r3, #192	@ 0xc0
10001294:	2280      	movs	r2, #128	@ 0x80
10001296:	019b      	lsls	r3, r3, #6
10001298:	18e3      	adds	r3, r4, r3
1000129a:	0112      	lsls	r2, r2, #4
1000129c:	601a      	str	r2, [r3, #0]
1000129e:	4b29      	ldr	r3, [pc, #164]	@ (10001344 <clock_configure_int_divider+0xf0>)
100012a0:	00ad      	lsls	r5, r5, #2
100012a2:	5959      	ldr	r1, [r3, r5]
100012a4:	469a      	mov	sl, r3
100012a6:	2900      	cmp	r1, #0
100012a8:	d11b      	bne.n	100012e2 <clock_configure_int_divider+0x8e>
100012aa:	0173      	lsls	r3, r6, #5
100012ac:	26e0      	movs	r6, #224	@ 0xe0
100012ae:	6822      	ldr	r2, [r4, #0]
100012b0:	4053      	eors	r3, r2
100012b2:	401e      	ands	r6, r3
100012b4:	2380      	movs	r3, #128	@ 0x80
100012b6:	4642      	mov	r2, r8
100012b8:	015b      	lsls	r3, r3, #5
100012ba:	18e3      	adds	r3, r4, r3
100012bc:	601e      	str	r6, [r3, #0]
100012be:	2a01      	cmp	r2, #1
100012c0:	d930      	bls.n	10001324 <clock_configure_int_divider+0xd0>
100012c2:	2380      	movs	r3, #128	@ 0x80
100012c4:	2280      	movs	r2, #128	@ 0x80
100012c6:	019b      	lsls	r3, r3, #6
100012c8:	18e3      	adds	r3, r4, r3
100012ca:	0112      	lsls	r2, r2, #4
100012cc:	601a      	str	r2, [r3, #0]
100012ce:	4653      	mov	r3, sl
100012d0:	464a      	mov	r2, r9
100012d2:	6067      	str	r7, [r4, #4]
100012d4:	515a      	str	r2, [r3, r5]
100012d6:	bcf0      	pop	{r4, r5, r6, r7}
100012d8:	46bb      	mov	fp, r7
100012da:	46b2      	mov	sl, r6
100012dc:	46a9      	mov	r9, r5
100012de:	46a0      	mov	r8, r4
100012e0:	bdf8      	pop	{r3, r4, r5, r6, r7, pc}
100012e2:	6958      	ldr	r0, [r3, #20]
100012e4:	f000 fa76 	bl	100017d4 <__wrap___aeabi_uidiv>
100012e8:	3001      	adds	r0, #1
100012ea:	0043      	lsls	r3, r0, #1
100012ec:	181b      	adds	r3, r3, r0
100012ee:	3b03      	subs	r3, #3
100012f0:	d2fd      	bcs.n	100012ee <clock_configure_int_divider+0x9a>
100012f2:	e7da      	b.n	100012aa <clock_configure_int_divider+0x56>
100012f4:	465b      	mov	r3, fp
100012f6:	2b01      	cmp	r3, #1
100012f8:	d1cb      	bne.n	10001292 <clock_configure_int_divider+0x3e>
100012fa:	23c0      	movs	r3, #192	@ 0xc0
100012fc:	2203      	movs	r2, #3
100012fe:	019b      	lsls	r3, r3, #6
10001300:	18e3      	adds	r3, r4, r3
10001302:	601a      	str	r2, [r3, #0]
10001304:	3a02      	subs	r2, #2
10001306:	68a3      	ldr	r3, [r4, #8]
10001308:	421a      	tst	r2, r3
1000130a:	d0fc      	beq.n	10001306 <clock_configure_int_divider+0xb2>
1000130c:	0173      	lsls	r3, r6, #5
1000130e:	26e0      	movs	r6, #224	@ 0xe0
10001310:	6822      	ldr	r2, [r4, #0]
10001312:	00ad      	lsls	r5, r5, #2
10001314:	4053      	eors	r3, r2
10001316:	401e      	ands	r6, r3
10001318:	2380      	movs	r3, #128	@ 0x80
1000131a:	4a0a      	ldr	r2, [pc, #40]	@ (10001344 <clock_configure_int_divider+0xf0>)
1000131c:	015b      	lsls	r3, r3, #5
1000131e:	4692      	mov	sl, r2
10001320:	18e3      	adds	r3, r4, r3
10001322:	601e      	str	r6, [r3, #0]
10001324:	465a      	mov	r2, fp
10001326:	6821      	ldr	r1, [r4, #0]
10001328:	4051      	eors	r1, r2
1000132a:	2203      	movs	r2, #3
1000132c:	400a      	ands	r2, r1
1000132e:	601a      	str	r2, [r3, #0]
10001330:	2201      	movs	r2, #1
10001332:	465b      	mov	r3, fp
10001334:	409a      	lsls	r2, r3
10001336:	68a3      	ldr	r3, [r4, #8]
10001338:	421a      	tst	r2, r3
1000133a:	d0fc      	beq.n	10001336 <clock_configure_int_divider+0xe2>
1000133c:	e7c1      	b.n	100012c2 <clock_configure_int_divider+0x6e>
1000133e:	46c0      	nop			@ (mov r8, r8)
10001340:	40008000 	.word	0x40008000
10001344:	20000d0c 	.word	0x20000d0c

10001348 <clock_configure_undivided>:
10001348:	b5f0      	push	{r4, r5, r6, r7, lr}
1000134a:	4646      	mov	r6, r8
1000134c:	464f      	mov	r7, r9
1000134e:	46d6      	mov	lr, sl
10001350:	b5c0      	push	{r6, r7, lr}
10001352:	001f      	movs	r7, r3
10001354:	4b34      	ldr	r3, [pc, #208]	@ (10001428 <clock_configure_undivided+0xe0>)
10001356:	0044      	lsls	r4, r0, #1
10001358:	469c      	mov	ip, r3
1000135a:	1824      	adds	r4, r4, r0
1000135c:	00a4      	lsls	r4, r4, #2
1000135e:	4464      	add	r4, ip
10001360:	6863      	ldr	r3, [r4, #4]
10001362:	4688      	mov	r8, r1
10001364:	0016      	movs	r6, r2
10001366:	2bff      	cmp	r3, #255	@ 0xff
10001368:	d802      	bhi.n	10001370 <clock_configure_undivided+0x28>
1000136a:	2380      	movs	r3, #128	@ 0x80
1000136c:	005b      	lsls	r3, r3, #1
1000136e:	6063      	str	r3, [r4, #4]
10001370:	1f03      	subs	r3, r0, #4
10001372:	b2db      	uxtb	r3, r3
10001374:	469a      	mov	sl, r3
10001376:	2b01      	cmp	r3, #1
10001378:	d930      	bls.n	100013dc <clock_configure_undivided+0x94>
1000137a:	23c0      	movs	r3, #192	@ 0xc0
1000137c:	2280      	movs	r2, #128	@ 0x80
1000137e:	019b      	lsls	r3, r3, #6
10001380:	18e3      	adds	r3, r4, r3
10001382:	0112      	lsls	r2, r2, #4
10001384:	601a      	str	r2, [r3, #0]
10001386:	4b29      	ldr	r3, [pc, #164]	@ (1000142c <clock_configure_undivided+0xe4>)
10001388:	0085      	lsls	r5, r0, #2
1000138a:	5959      	ldr	r1, [r3, r5]
1000138c:	4699      	mov	r9, r3
1000138e:	2900      	cmp	r1, #0
10001390:	d11b      	bne.n	100013ca <clock_configure_undivided+0x82>
10001392:	0173      	lsls	r3, r6, #5
10001394:	26e0      	movs	r6, #224	@ 0xe0
10001396:	6822      	ldr	r2, [r4, #0]
10001398:	4053      	eors	r3, r2
1000139a:	401e      	ands	r6, r3
1000139c:	2380      	movs	r3, #128	@ 0x80
1000139e:	4652      	mov	r2, sl
100013a0:	015b      	lsls	r3, r3, #5
100013a2:	18e3      	adds	r3, r4, r3
100013a4:	601e      	str	r6, [r3, #0]
100013a6:	2a01      	cmp	r2, #1
100013a8:	d930      	bls.n	1000140c <clock_configure_undivided+0xc4>
100013aa:	2380      	movs	r3, #128	@ 0x80
100013ac:	2280      	movs	r2, #128	@ 0x80
100013ae:	019b      	lsls	r3, r3, #6
100013b0:	18e3      	adds	r3, r4, r3
100013b2:	0112      	lsls	r2, r2, #4
100013b4:	601a      	str	r2, [r3, #0]
100013b6:	2380      	movs	r3, #128	@ 0x80
100013b8:	005b      	lsls	r3, r3, #1
100013ba:	6063      	str	r3, [r4, #4]
100013bc:	464b      	mov	r3, r9
100013be:	515f      	str	r7, [r3, r5]
100013c0:	bce0      	pop	{r5, r6, r7}
100013c2:	46ba      	mov	sl, r7
100013c4:	46b1      	mov	r9, r6
100013c6:	46a8      	mov	r8, r5
100013c8:	bdf0      	pop	{r4, r5, r6, r7, pc}
100013ca:	6958      	ldr	r0, [r3, #20]
100013cc:	f000 fa02 	bl	100017d4 <__wrap___aeabi_uidiv>
100013d0:	3001      	adds	r0, #1
100013d2:	0043      	lsls	r3, r0, #1
100013d4:	181b      	adds	r3, r3, r0
100013d6:	3b03      	subs	r3, #3
100013d8:	d2fd      	bcs.n	100013d6 <clock_configure_undivided+0x8e>
100013da:	e7da      	b.n	10001392 <clock_configure_undivided+0x4a>
100013dc:	4643      	mov	r3, r8
100013de:	2b01      	cmp	r3, #1
100013e0:	d1cb      	bne.n	1000137a <clock_configure_undivided+0x32>
100013e2:	23c0      	movs	r3, #192	@ 0xc0
100013e4:	2203      	movs	r2, #3
100013e6:	019b      	lsls	r3, r3, #6
100013e8:	18e3      	adds	r3, r4, r3
100013ea:	601a      	str	r2, [r3, #0]
100013ec:	3a02      	subs	r2, #2
100013ee:	68a3      	ldr	r3, [r4, #8]
100013f0:	421a      	tst	r2, r3
100013f2:	d0fc      	beq.n	100013ee <clock_configure_undivided+0xa6>
100013f4:	0173      	lsls	r3, r6, #5
100013f6:	26e0      	movs	r6, #224	@ 0xe0
100013f8:	6822      	ldr	r2, [r4, #0]
100013fa:	0085      	lsls	r5, r0, #2
100013fc:	4053      	eors	r3, r2
100013fe:	401e      	ands	r6, r3
10001400:	2380      	movs	r3, #128	@ 0x80
10001402:	4a0a      	ldr	r2, [pc, #40]	@ (1000142c <clock_configure_undivided+0xe4>)
10001404:	015b      	lsls	r3, r3, #5
10001406:	4691      	mov	r9, r2
10001408:	18e3      	adds	r3, r4, r3
1000140a:	601e      	str	r6, [r3, #0]
1000140c:	4642      	mov	r2, r8
1000140e:	6821      	ldr	r1, [r4, #0]
10001410:	4051      	eors	r1, r2
10001412:	2203      	movs	r2, #3
10001414:	400a      	ands	r2, r1
10001416:	601a      	str	r2, [r3, #0]
10001418:	2301      	movs	r3, #1
1000141a:	4642      	mov	r2, r8
1000141c:	4093      	lsls	r3, r2
1000141e:	68a2      	ldr	r2, [r4, #8]
10001420:	4213      	tst	r3, r2
10001422:	d0fc      	beq.n	1000141e <clock_configure_undivided+0xd6>
10001424:	e7c1      	b.n	100013aa <clock_configure_undivided+0x62>
10001426:	46c0      	nop			@ (mov r8, r8)
10001428:	40008000 	.word	0x40008000
1000142c:	20000d0c 	.word	0x20000d0c

10001430 <clock_get_hz>:
10001430:	4b01      	ldr	r3, [pc, #4]	@ (10001438 <clock_get_hz+0x8>)
10001432:	0080      	lsls	r0, r0, #2
10001434:	58c0      	ldr	r0, [r0, r3]
10001436:	4770      	bx	lr
10001438:	20000d0c 	.word	0x20000d0c

1000143c <pll_init>:
1000143c:	b5f8      	push	{r3, r4, r5, r6, r7, lr}
1000143e:	0004      	movs	r4, r0
10001440:	4821      	ldr	r0, [pc, #132]	@ (100014c8 <pll_init+0x8c>)
10001442:	001e      	movs	r6, r3
10001444:	0017      	movs	r7, r2
10001446:	000d      	movs	r5, r1
10001448:	f000 f9c4 	bl	100017d4 <__wrap___aeabi_uidiv>
1000144c:	0001      	movs	r1, r0
1000144e:	0038      	movs	r0, r7
10001450:	f000 f9c0 	bl	100017d4 <__wrap___aeabi_uidiv>
10001454:	9b06      	ldr	r3, [sp, #24]
10001456:	0436      	lsls	r6, r6, #16
10001458:	031b      	lsls	r3, r3, #12
1000145a:	431e      	orrs	r6, r3
1000145c:	6823      	ldr	r3, [r4, #0]
1000145e:	2b00      	cmp	r3, #0
10001460:	db20      	blt.n	100014a4 <pll_init+0x68>
10001462:	4b1a      	ldr	r3, [pc, #104]	@ (100014cc <pll_init+0x90>)
10001464:	491a      	ldr	r1, [pc, #104]	@ (100014d0 <pll_init+0x94>)
10001466:	18e3      	adds	r3, r4, r3
10001468:	1e5a      	subs	r2, r3, #1
1000146a:	4193      	sbcs	r3, r2
1000146c:	2280      	movs	r2, #128	@ 0x80
1000146e:	0192      	lsls	r2, r2, #6
10001470:	4694      	mov	ip, r2
10001472:	425b      	negs	r3, r3
10001474:	0b1b      	lsrs	r3, r3, #12
10001476:	4a17      	ldr	r2, [pc, #92]	@ (100014d4 <pll_init+0x98>)
10001478:	031b      	lsls	r3, r3, #12
1000147a:	4463      	add	r3, ip
1000147c:	6013      	str	r3, [r2, #0]
1000147e:	4a16      	ldr	r2, [pc, #88]	@ (100014d8 <pll_init+0x9c>)
10001480:	6013      	str	r3, [r2, #0]
10001482:	001f      	movs	r7, r3
10001484:	680a      	ldr	r2, [r1, #0]
10001486:	4397      	bics	r7, r2
10001488:	d1fb      	bne.n	10001482 <pll_init+0x46>
1000148a:	4b14      	ldr	r3, [pc, #80]	@ (100014dc <pll_init+0xa0>)
1000148c:	6025      	str	r5, [r4, #0]
1000148e:	18e2      	adds	r2, r4, r3
10001490:	2321      	movs	r3, #33	@ 0x21
10001492:	60a0      	str	r0, [r4, #8]
10001494:	6013      	str	r3, [r2, #0]
10001496:	6823      	ldr	r3, [r4, #0]
10001498:	2b00      	cmp	r3, #0
1000149a:	dafc      	bge.n	10001496 <pll_init+0x5a>
1000149c:	2308      	movs	r3, #8
1000149e:	60e6      	str	r6, [r4, #12]
100014a0:	6013      	str	r3, [r2, #0]
100014a2:	bdf8      	pop	{r3, r4, r5, r6, r7, pc}
100014a4:	233f      	movs	r3, #63	@ 0x3f
100014a6:	6822      	ldr	r2, [r4, #0]
100014a8:	4013      	ands	r3, r2
100014aa:	42ab      	cmp	r3, r5
100014ac:	d1d9      	bne.n	10001462 <pll_init+0x26>
100014ae:	68a3      	ldr	r3, [r4, #8]
100014b0:	051b      	lsls	r3, r3, #20
100014b2:	0d1b      	lsrs	r3, r3, #20
100014b4:	4283      	cmp	r3, r0
100014b6:	d1d4      	bne.n	10001462 <pll_init+0x26>
100014b8:	22ee      	movs	r2, #238	@ 0xee
100014ba:	68e3      	ldr	r3, [r4, #12]
100014bc:	02d2      	lsls	r2, r2, #11
100014be:	4013      	ands	r3, r2
100014c0:	42b3      	cmp	r3, r6
100014c2:	d1ce      	bne.n	10001462 <pll_init+0x26>
100014c4:	e7ed      	b.n	100014a2 <pll_init+0x66>
100014c6:	46c0      	nop			@ (mov r8, r8)
100014c8:	00b71b00 	.word	0x00b71b00
100014cc:	bffd4000 	.word	0xbffd4000
100014d0:	4000c008 	.word	0x4000c008
100014d4:	4000e000 	.word	0x4000e000
100014d8:	4000f000 	.word	0x4000f000
100014dc:	00003004 	.word	0x00003004

100014e0 <tick_start>:
100014e0:	2380      	movs	r3, #128	@ 0x80
100014e2:	4a02      	ldr	r2, [pc, #8]	@ (100014ec <tick_start+0xc>)
100014e4:	009b      	lsls	r3, r3, #2
100014e6:	430b      	orrs	r3, r1
100014e8:	62d3      	str	r3, [r2, #44]	@ 0x2c
100014ea:	4770      	bx	lr
100014ec:	40058000 	.word	0x40058000

100014f0 <rom_func_lookup>:
100014f0:	2300      	movs	r3, #0
100014f2:	b510      	push	{r4, lr}
100014f4:	0001      	movs	r1, r0
100014f6:	8a98      	ldrh	r0, [r3, #20]
100014f8:	8b1b      	ldrh	r3, [r3, #24]
100014fa:	4798      	blx	r3
100014fc:	bd10      	pop	{r4, pc}
100014fe:	46c0      	nop			@ (mov r8, r8)

10001500 <rom_data_lookup>:
10001500:	2316      	movs	r3, #22
10001502:	b510      	push	{r4, lr}
10001504:	0001      	movs	r1, r0
10001506:	8818      	ldrh	r0, [r3, #0]
10001508:	3302      	adds	r3, #2
1000150a:	881b      	ldrh	r3, [r3, #0]
1000150c:	4798      	blx	r3
1000150e:	bd10      	pop	{r4, pc}

10001510 <rom_funcs_lookup>:
10001510:	b5f8      	push	{r3, r4, r5, r6, r7, lr}
10001512:	4647      	mov	r7, r8
10001514:	46ce      	mov	lr, r9
10001516:	b580      	push	{r7, lr}
10001518:	1e0f      	subs	r7, r1, #0
1000151a:	d018      	beq.n	1000154e <rom_funcs_lookup+0x3e>
1000151c:	2314      	movs	r3, #20
1000151e:	4699      	mov	r9, r3
10001520:	3304      	adds	r3, #4
10001522:	0004      	movs	r4, r0
10001524:	2500      	movs	r5, #0
10001526:	2601      	movs	r6, #1
10001528:	4698      	mov	r8, r3
1000152a:	464b      	mov	r3, r9
1000152c:	8818      	ldrh	r0, [r3, #0]
1000152e:	4643      	mov	r3, r8
10001530:	6821      	ldr	r1, [r4, #0]
10001532:	881b      	ldrh	r3, [r3, #0]
10001534:	4798      	blx	r3
10001536:	c401      	stmia	r4!, {r0}
10001538:	1e43      	subs	r3, r0, #1
1000153a:	4198      	sbcs	r0, r3
1000153c:	3501      	adds	r5, #1
1000153e:	4006      	ands	r6, r0
10001540:	42af      	cmp	r7, r5
10001542:	d1f2      	bne.n	1000152a <rom_funcs_lookup+0x1a>
10001544:	0030      	movs	r0, r6
10001546:	bcc0      	pop	{r6, r7}
10001548:	46b9      	mov	r9, r7
1000154a:	46b0      	mov	r8, r6
1000154c:	bdf8      	pop	{r3, r4, r5, r6, r7, pc}
1000154e:	2601      	movs	r6, #1
10001550:	e7f8      	b.n	10001544 <rom_funcs_lookup+0x34>
10001552:	46c0      	nop			@ (mov r8, r8)

10001554 <xosc_init>:
10001554:	23aa      	movs	r3, #170	@ 0xaa
10001556:	4a06      	ldr	r2, [pc, #24]	@ (10001570 <xosc_init+0x1c>)
10001558:	011b      	lsls	r3, r3, #4
1000155a:	6013      	str	r3, [r2, #0]
1000155c:	238d      	movs	r3, #141	@ 0x8d
1000155e:	005b      	lsls	r3, r3, #1
10001560:	60d3      	str	r3, [r2, #12]
10001562:	4904      	ldr	r1, [pc, #16]	@ (10001574 <xosc_init+0x20>)
10001564:	4b04      	ldr	r3, [pc, #16]	@ (10001578 <xosc_init+0x24>)
10001566:	6019      	str	r1, [r3, #0]
10001568:	6853      	ldr	r3, [r2, #4]
1000156a:	2b00      	cmp	r3, #0
1000156c:	dafc      	bge.n	10001568 <xosc_init+0x14>
1000156e:	4770      	bx	lr
10001570:	40024000 	.word	0x40024000
10001574:	00fab000 	.word	0x00fab000
10001578:	40026000 	.word	0x40026000

1000157c <first_per_core_initializer>:
1000157c:	4770      	bx	lr
1000157e:	46c0      	nop			@ (mov r8, r8)

10001580 <hard_assertion_failure>:
10001580:	b510      	push	{r4, lr}
10001582:	4801      	ldr	r0, [pc, #4]	@ (10001588 <hard_assertion_failure+0x8>)
10001584:	f7ff f9c2 	bl	1000090c <panic>
10001588:	100029a4 	.word	0x100029a4

1000158c <runtime_run_initializers>:
1000158c:	b570      	push	{r4, r5, r6, lr}
1000158e:	4d07      	ldr	r5, [pc, #28]	@ (100015ac <runtime_run_initializers+0x20>)
10001590:	4e07      	ldr	r6, [pc, #28]	@ (100015b0 <runtime_run_initializers+0x24>)
10001592:	42b5      	cmp	r5, r6
10001594:	d209      	bcs.n	100015aa <runtime_run_initializers+0x1e>
10001596:	2400      	movs	r4, #0
10001598:	3e01      	subs	r6, #1
1000159a:	1b76      	subs	r6, r6, r5
1000159c:	08b6      	lsrs	r6, r6, #2
1000159e:	cd08      	ldmia	r5!, {r3}
100015a0:	4798      	blx	r3
100015a2:	0023      	movs	r3, r4
100015a4:	3401      	adds	r4, #1
100015a6:	42b3      	cmp	r3, r6
100015a8:	d1f9      	bne.n	1000159e <runtime_run_initializers+0x12>
100015aa:	bd70      	pop	{r4, r5, r6, pc}
100015ac:	100028e0 	.word	0x100028e0
100015b0:	1000291c 	.word	0x1000291c

100015b4 <runtime_init_early_resets>:
100015b4:	4b05      	ldr	r3, [pc, #20]	@ (100015cc <runtime_init_early_resets+0x18>)
100015b6:	4a06      	ldr	r2, [pc, #24]	@ (100015d0 <runtime_init_early_resets+0x1c>)
100015b8:	4906      	ldr	r1, [pc, #24]	@ (100015d4 <runtime_init_early_resets+0x20>)
100015ba:	601a      	str	r2, [r3, #0]
100015bc:	4a06      	ldr	r2, [pc, #24]	@ (100015d8 <runtime_init_early_resets+0x24>)
100015be:	4b07      	ldr	r3, [pc, #28]	@ (100015dc <runtime_init_early_resets+0x28>)
100015c0:	601a      	str	r2, [r3, #0]
100015c2:	0010      	movs	r0, r2
100015c4:	680b      	ldr	r3, [r1, #0]
100015c6:	4398      	bics	r0, r3
100015c8:	d1fb      	bne.n	100015c2 <runtime_init_early_resets+0xe>
100015ca:	4770      	bx	lr
100015cc:	4000e000 	.word	0x4000e000
100015d0:	fefbcdbf 	.word	0xfefbcdbf
100015d4:	4000c008 	.word	0x4000c008
100015d8:	003c7ffe 	.word	0x003c7ffe
100015dc:	4000f000 	.word	0x4000f000

100015e0 <runtime_init_usb_power_down>:
100015e0:	4b04      	ldr	r3, [pc, #16]	@ (100015f4 <runtime_init_usb_power_down+0x14>)
100015e2:	6cdb      	ldr	r3, [r3, #76]	@ 0x4c
100015e4:	2b00      	cmp	r3, #0
100015e6:	d103      	bne.n	100015f0 <runtime_init_usb_power_down+0x10>
100015e8:	2280      	movs	r2, #128	@ 0x80
100015ea:	4b03      	ldr	r3, [pc, #12]	@ (100015f8 <runtime_init_usb_power_down+0x18>)
100015ec:	02d2      	lsls	r2, r2, #11
100015ee:	601a      	str	r2, [r3, #0]
100015f0:	4770      	bx	lr
100015f2:	46c0      	nop			@ (mov r8, r8)
100015f4:	50110000 	.word	0x50110000
100015f8:	5011204c 	.word	0x5011204c

100015fc <runtime_init_post_clock_resets>:
100015fc:	4a04      	ldr	r2, [pc, #16]	@ (10001610 <runtime_init_post_clock_resets+0x14>)
100015fe:	4b05      	ldr	r3, [pc, #20]	@ (10001614 <runtime_init_post_clock_resets+0x18>)
10001600:	601a      	str	r2, [r3, #0]
10001602:	4a05      	ldr	r2, [pc, #20]	@ (10001618 <runtime_init_post_clock_resets+0x1c>)
10001604:	6813      	ldr	r3, [r2, #0]
10001606:	01db      	lsls	r3, r3, #7
10001608:	3380      	adds	r3, #128	@ 0x80
1000160a:	d1fb      	bne.n	10001604 <runtime_init_post_clock_resets+0x8>
1000160c:	4770      	bx	lr
1000160e:	46c0      	nop			@ (mov r8, r8)
10001610:	01ffffff 	.word	0x01ffffff
10001614:	4000f000 	.word	0x4000f000
10001618:	4000c008 	.word	0x4000c008

1000161c <runtime_init_rp2040_gpio_ie_disable>:
1000161c:	2240      	movs	r2, #64	@ 0x40
1000161e:	4b03      	ldr	r3, [pc, #12]	@ (1000162c <runtime_init_rp2040_gpio_ie_disable+0x10>)
10001620:	679a      	str	r2, [r3, #120]	@ 0x78
10001622:	675a      	str	r2, [r3, #116]	@ 0x74
10001624:	671a      	str	r2, [r3, #112]	@ 0x70
10001626:	66da      	str	r2, [r3, #108]	@ 0x6c
10001628:	4770      	bx	lr
1000162a:	46c0      	nop			@ (mov r8, r8)
1000162c:	4001f000 	.word	0x4001f000

10001630 <runtime_init_spin_locks_reset>:
10001630:	b510      	push	{r4, lr}
10001632:	f7ff f9c7 	bl	100009c4 <spin_locks_reset>
10001636:	bd10      	pop	{r4, pc}

10001638 <runtime_init_install_ram_vector_table>:
10001638:	b5f8      	push	{r3, r4, r5, r6, r7, lr}
1000163a:	4927      	ldr	r1, [pc, #156]	@ (100016d8 <runtime_init_install_ram_vector_table+0xa0>)
1000163c:	4c27      	ldr	r4, [pc, #156]	@ (100016dc <runtime_init_install_ram_vector_table+0xa4>)
1000163e:	4d28      	ldr	r5, [pc, #160]	@ (100016e0 <runtime_init_install_ram_vector_table+0xa8>)
10001640:	1a64      	subs	r4, r4, r1
10001642:	10a6      	asrs	r6, r4, #2
10001644:	0032      	movs	r2, r6
10001646:	2e30      	cmp	r6, #48	@ 0x30
10001648:	d900      	bls.n	1000164c <runtime_init_install_ram_vector_table+0x14>
1000164a:	2230      	movs	r2, #48	@ 0x30
1000164c:	0028      	movs	r0, r5
1000164e:	0092      	lsls	r2, r2, #2
10001650:	f000 fa02 	bl	10001a58 <__wrap___aeabi_memcpy>
10001654:	2cbc      	cmp	r4, #188	@ 0xbc
10001656:	d83b      	bhi.n	100016d0 <runtime_init_install_ram_vector_table+0x98>
10001658:	2030      	movs	r0, #48	@ 0x30
1000165a:	232f      	movs	r3, #47	@ 0x2f
1000165c:	192c      	adds	r4, r5, r4
1000165e:	0764      	lsls	r4, r4, #29
10001660:	4a20      	ldr	r2, [pc, #128]	@ (100016e4 <runtime_init_install_ram_vector_table+0xac>)
10001662:	1b80      	subs	r0, r0, r6
10001664:	0fe4      	lsrs	r4, r4, #31
10001666:	1b9b      	subs	r3, r3, r6
10001668:	2b05      	cmp	r3, #5
1000166a:	d916      	bls.n	1000169a <runtime_init_install_ram_vector_table+0x62>
1000166c:	0037      	movs	r7, r6
1000166e:	2c00      	cmp	r4, #0
10001670:	d002      	beq.n	10001678 <runtime_init_install_ram_vector_table+0x40>
10001672:	00b3      	lsls	r3, r6, #2
10001674:	1c77      	adds	r7, r6, #1
10001676:	50ea      	str	r2, [r5, r3]
10001678:	1b00      	subs	r0, r0, r4
1000167a:	1933      	adds	r3, r6, r4
1000167c:	009b      	lsls	r3, r3, #2
1000167e:	0841      	lsrs	r1, r0, #1
10001680:	18eb      	adds	r3, r5, r3
10001682:	00c9      	lsls	r1, r1, #3
10001684:	18c9      	adds	r1, r1, r3
10001686:	601a      	str	r2, [r3, #0]
10001688:	605a      	str	r2, [r3, #4]
1000168a:	3308      	adds	r3, #8
1000168c:	4299      	cmp	r1, r3
1000168e:	d1fa      	bne.n	10001686 <runtime_init_install_ram_vector_table+0x4e>
10001690:	2301      	movs	r3, #1
10001692:	4203      	tst	r3, r0
10001694:	d01c      	beq.n	100016d0 <runtime_init_install_ram_vector_table+0x98>
10001696:	4398      	bics	r0, r3
10001698:	19c6      	adds	r6, r0, r7
1000169a:	00b3      	lsls	r3, r6, #2
1000169c:	50ea      	str	r2, [r5, r3]
1000169e:	1c73      	adds	r3, r6, #1
100016a0:	2e2f      	cmp	r6, #47	@ 0x2f
100016a2:	d015      	beq.n	100016d0 <runtime_init_install_ram_vector_table+0x98>
100016a4:	009b      	lsls	r3, r3, #2
100016a6:	50ea      	str	r2, [r5, r3]
100016a8:	1cb3      	adds	r3, r6, #2
100016aa:	2e2e      	cmp	r6, #46	@ 0x2e
100016ac:	d010      	beq.n	100016d0 <runtime_init_install_ram_vector_table+0x98>
100016ae:	009b      	lsls	r3, r3, #2
100016b0:	50ea      	str	r2, [r5, r3]
100016b2:	1cf3      	adds	r3, r6, #3
100016b4:	2e2d      	cmp	r6, #45	@ 0x2d
100016b6:	d00b      	beq.n	100016d0 <runtime_init_install_ram_vector_table+0x98>
100016b8:	009b      	lsls	r3, r3, #2
100016ba:	50ea      	str	r2, [r5, r3]
100016bc:	1d33      	adds	r3, r6, #4
100016be:	2e2c      	cmp	r6, #44	@ 0x2c
100016c0:	d006      	beq.n	100016d0 <runtime_init_install_ram_vector_table+0x98>
100016c2:	009b      	lsls	r3, r3, #2
100016c4:	50ea      	str	r2, [r5, r3]
100016c6:	1d73      	adds	r3, r6, #5
100016c8:	2e2b      	cmp	r6, #43	@ 0x2b
100016ca:	d001      	beq.n	100016d0 <runtime_init_install_ram_vector_table+0x98>
100016cc:	009b      	lsls	r3, r3, #2
100016ce:	50ea      	str	r2, [r5, r3]
100016d0:	4b05      	ldr	r3, [pc, #20]	@ (100016e8 <runtime_init_install_ram_vector_table+0xb0>)
100016d2:	609d      	str	r5, [r3, #8]
100016d4:	bdf8      	pop	{r3, r4, r5, r6, r7, pc}
100016d6:	46c0      	nop			@ (mov r8, r8)
100016d8:	10000100 	.word	0x10000100
100016dc:	100001c0 	.word	0x100001c0
100016e0:	20000000 	.word	0x20000000
100016e4:	100001c1 	.word	0x100001c1
100016e8:	e000ed00 	.word	0xe000ed00

100016ec <runtime_init_clocks>:
100016ec:	2300      	movs	r3, #0
100016ee:	b510      	push	{r4, lr}
100016f0:	4c29      	ldr	r4, [pc, #164]	@ (10001798 <runtime_init_clocks+0xac>)
100016f2:	b082      	sub	sp, #8
100016f4:	67a3      	str	r3, [r4, #120]	@ 0x78
100016f6:	f7ff ff2d 	bl	10001554 <xosc_init>
100016fa:	2201      	movs	r2, #1
100016fc:	4b27      	ldr	r3, [pc, #156]	@ (1000179c <runtime_init_clocks+0xb0>)
100016fe:	601a      	str	r2, [r3, #0]
10001700:	6c63      	ldr	r3, [r4, #68]	@ 0x44
10001702:	2b01      	cmp	r3, #1
10001704:	d1fc      	bne.n	10001700 <runtime_init_clocks+0x14>
10001706:	2203      	movs	r2, #3
10001708:	4b25      	ldr	r3, [pc, #148]	@ (100017a0 <runtime_init_clocks+0xb4>)
1000170a:	601a      	str	r2, [r3, #0]
1000170c:	4a22      	ldr	r2, [pc, #136]	@ (10001798 <runtime_init_clocks+0xac>)
1000170e:	6b93      	ldr	r3, [r2, #56]	@ 0x38
10001710:	2b01      	cmp	r3, #1
10001712:	d1fc      	bne.n	1000170e <runtime_init_clocks+0x22>
10001714:	3301      	adds	r3, #1
10001716:	9300      	str	r3, [sp, #0]
10001718:	2101      	movs	r1, #1
1000171a:	4a22      	ldr	r2, [pc, #136]	@ (100017a4 <runtime_init_clocks+0xb8>)
1000171c:	4822      	ldr	r0, [pc, #136]	@ (100017a8 <runtime_init_clocks+0xbc>)
1000171e:	3304      	adds	r3, #4
10001720:	f7ff fe8c 	bl	1000143c <pll_init>
10001724:	2305      	movs	r3, #5
10001726:	2101      	movs	r1, #1
10001728:	9300      	str	r3, [sp, #0]
1000172a:	4a20      	ldr	r2, [pc, #128]	@ (100017ac <runtime_init_clocks+0xc0>)
1000172c:	4820      	ldr	r0, [pc, #128]	@ (100017b0 <runtime_init_clocks+0xc4>)
1000172e:	f7ff fe85 	bl	1000143c <pll_init>
10001732:	2200      	movs	r2, #0
10001734:	2102      	movs	r1, #2
10001736:	2004      	movs	r0, #4
10001738:	4b1e      	ldr	r3, [pc, #120]	@ (100017b4 <runtime_init_clocks+0xc8>)
1000173a:	f7ff fe05 	bl	10001348 <clock_configure_undivided>
1000173e:	2200      	movs	r2, #0
10001740:	2101      	movs	r1, #1
10001742:	2005      	movs	r0, #5
10001744:	4b1c      	ldr	r3, [pc, #112]	@ (100017b8 <runtime_init_clocks+0xcc>)
10001746:	f7ff fdff 	bl	10001348 <clock_configure_undivided>
1000174a:	2200      	movs	r2, #0
1000174c:	2100      	movs	r1, #0
1000174e:	2007      	movs	r0, #7
10001750:	4b1a      	ldr	r3, [pc, #104]	@ (100017bc <runtime_init_clocks+0xd0>)
10001752:	f7ff fdf9 	bl	10001348 <clock_configure_undivided>
10001756:	2200      	movs	r2, #0
10001758:	2100      	movs	r1, #0
1000175a:	2008      	movs	r0, #8
1000175c:	4b17      	ldr	r3, [pc, #92]	@ (100017bc <runtime_init_clocks+0xd0>)
1000175e:	f7ff fdf3 	bl	10001348 <clock_configure_undivided>
10001762:	2380      	movs	r3, #128	@ 0x80
10001764:	00db      	lsls	r3, r3, #3
10001766:	9300      	str	r3, [sp, #0]
10001768:	2200      	movs	r2, #0
1000176a:	2100      	movs	r1, #0
1000176c:	2009      	movs	r0, #9
1000176e:	4b13      	ldr	r3, [pc, #76]	@ (100017bc <runtime_init_clocks+0xd0>)
10001770:	f7ff fd70 	bl	10001254 <clock_configure_int_divider>
10001774:	2200      	movs	r2, #0
10001776:	4b10      	ldr	r3, [pc, #64]	@ (100017b8 <runtime_init_clocks+0xcc>)
10001778:	2100      	movs	r1, #0
1000177a:	2006      	movs	r0, #6
1000177c:	f7ff fde4 	bl	10001348 <clock_configure_undivided>
10001780:	2004      	movs	r0, #4
10001782:	f7ff fe55 	bl	10001430 <clock_get_hz>
10001786:	490e      	ldr	r1, [pc, #56]	@ (100017c0 <runtime_init_clocks+0xd4>)
10001788:	f000 f824 	bl	100017d4 <__wrap___aeabi_uidiv>
1000178c:	0001      	movs	r1, r0
1000178e:	2000      	movs	r0, #0
10001790:	f7ff fea6 	bl	100014e0 <tick_start>
10001794:	b002      	add	sp, #8
10001796:	bd10      	pop	{r4, pc}
10001798:	40008000 	.word	0x40008000
1000179c:	4000b03c 	.word	0x4000b03c
100017a0:	4000b030 	.word	0x4000b030
100017a4:	59682f00 	.word	0x59682f00
100017a8:	40028000 	.word	0x40028000
100017ac:	47868c00 	.word	0x47868c00
100017b0:	4002c000 	.word	0x4002c000
100017b4:	00b71b00 	.word	0x00b71b00
100017b8:	07735940 	.word	0x07735940
100017bc:	02dc6c00 	.word	0x02dc6c00
100017c0:	000f4240 	.word	0x000f4240

100017c4 <__aeabi_bits_init>:
100017c4:	4801      	ldr	r0, [pc, #4]	@ (100017cc <__aeabi_bits_init+0x8>)
100017c6:	2104      	movs	r1, #4
100017c8:	4b01      	ldr	r3, [pc, #4]	@ (100017d0 <__aeabi_bits_init+0xc>)
100017ca:	4718      	bx	r3
100017cc:	200001c0 	.word	0x200001c0
100017d0:	10001511 	.word	0x10001511

100017d4 <__wrap___aeabi_uidiv>:
100017d4:	4a11      	ldr	r2, [pc, #68]	@ (1000181c <divmod_u32u32_savestate+0x18>)
100017d6:	6f93      	ldr	r3, [r2, #120]	@ 0x78
100017d8:	089b      	lsrs	r3, r3, #2
100017da:	d213      	bcs.n	10001804 <divmod_u32u32_savestate>

100017dc <divmod_u32u32_unsafe>:
100017dc:	6610      	str	r0, [r2, #96]	@ 0x60
100017de:	6651      	str	r1, [r2, #100]	@ 0x64
100017e0:	2900      	cmp	r1, #0
100017e2:	d005      	beq.n	100017f0 <divmod_u32u32_unsafe+0x14>
100017e4:	e7ff      	b.n	100017e6 <divmod_u32u32_unsafe+0xa>
100017e6:	e7ff      	b.n	100017e8 <divmod_u32u32_unsafe+0xc>
100017e8:	e7ff      	b.n	100017ea <divmod_u32u32_unsafe+0xe>
100017ea:	6f51      	ldr	r1, [r2, #116]	@ 0x74
100017ec:	6f10      	ldr	r0, [r2, #112]	@ 0x70
100017ee:	4770      	bx	lr
100017f0:	b504      	push	{r2, lr}
100017f2:	2800      	cmp	r0, #0
100017f4:	d001      	beq.n	100017fa <divmod_u32u32_unsafe+0x1e>
100017f6:	2000      	movs	r0, #0
100017f8:	43c0      	mvns	r0, r0
100017fa:	f001 f861 	bl	100028c0 <____aeabi_idiv0_veneer>
100017fe:	2100      	movs	r1, #0
10001800:	bd04      	pop	{r2, pc}
10001802:	46c0      	nop			@ (mov r8, r8)

10001804 <divmod_u32u32_savestate>:
10001804:	b5f0      	push	{r4, r5, r6, r7, lr}
10001806:	6e14      	ldr	r4, [r2, #96]	@ 0x60
10001808:	6e55      	ldr	r5, [r2, #100]	@ 0x64
1000180a:	6f57      	ldr	r7, [r2, #116]	@ 0x74
1000180c:	6f16      	ldr	r6, [r2, #112]	@ 0x70
1000180e:	f7ff ffe5 	bl	100017dc <divmod_u32u32_unsafe>
10001812:	6614      	str	r4, [r2, #96]	@ 0x60
10001814:	6655      	str	r5, [r2, #100]	@ 0x64
10001816:	6757      	str	r7, [r2, #116]	@ 0x74
10001818:	6716      	str	r6, [r2, #112]	@ 0x70
1000181a:	bdf0      	pop	{r4, r5, r6, r7, pc}
1000181c:	d0000000 	.word	0xd0000000

10001820 <__aeabi_double_init>:
10001820:	2313      	movs	r3, #19
10001822:	b570      	push	{r4, r5, r6, lr}
10001824:	781d      	ldrb	r5, [r3, #0]
10001826:	2d01      	cmp	r5, #1
10001828:	d019      	beq.n	1000185e <__aeabi_double_init+0x3e>
1000182a:	dd14      	ble.n	10001856 <__aeabi_double_init+0x36>
1000182c:	481f      	ldr	r0, [pc, #124]	@ (100018ac <__aeabi_double_init+0x8c>)
1000182e:	f7ff fe67 	bl	10001500 <rom_data_lookup>
10001832:	0006      	movs	r6, r0
10001834:	481e      	ldr	r0, [pc, #120]	@ (100018b0 <__aeabi_double_init+0x90>)
10001836:	f7ff fe63 	bl	10001500 <rom_data_lookup>
1000183a:	4c1e      	ldr	r4, [pc, #120]	@ (100018b4 <__aeabi_double_init+0x94>)
1000183c:	2280      	movs	r2, #128	@ 0x80
1000183e:	0031      	movs	r1, r6
10001840:	0020      	movs	r0, r4
10001842:	f000 f909 	bl	10001a58 <__wrap___aeabi_memcpy>
10001846:	2d02      	cmp	r5, #2
10001848:	d02d      	beq.n	100018a6 <__aeabi_double_init+0x86>
1000184a:	481b      	ldr	r0, [pc, #108]	@ (100018b8 <__aeabi_double_init+0x98>)
1000184c:	f7ff fe50 	bl	100014f0 <rom_func_lookup>
10001850:	4b1a      	ldr	r3, [pc, #104]	@ (100018bc <__aeabi_double_init+0x9c>)
10001852:	6018      	str	r0, [r3, #0]
10001854:	bd70      	pop	{r4, r5, r6, pc}
10001856:	4b1a      	ldr	r3, [pc, #104]	@ (100018c0 <__aeabi_double_init+0xa0>)
10001858:	4c16      	ldr	r4, [pc, #88]	@ (100018b4 <__aeabi_double_init+0x94>)
1000185a:	64a3      	str	r3, [r4, #72]	@ 0x48
1000185c:	e7f5      	b.n	1000184a <__aeabi_double_init+0x2a>
1000185e:	4b18      	ldr	r3, [pc, #96]	@ (100018c0 <__aeabi_double_init+0xa0>)
10001860:	4c14      	ldr	r4, [pc, #80]	@ (100018b4 <__aeabi_double_init+0x94>)
10001862:	6023      	str	r3, [r4, #0]
10001864:	6063      	str	r3, [r4, #4]
10001866:	60a3      	str	r3, [r4, #8]
10001868:	60e3      	str	r3, [r4, #12]
1000186a:	6123      	str	r3, [r4, #16]
1000186c:	6163      	str	r3, [r4, #20]
1000186e:	61a3      	str	r3, [r4, #24]
10001870:	61e3      	str	r3, [r4, #28]
10001872:	6223      	str	r3, [r4, #32]
10001874:	6263      	str	r3, [r4, #36]	@ 0x24
10001876:	62a3      	str	r3, [r4, #40]	@ 0x28
10001878:	62e3      	str	r3, [r4, #44]	@ 0x2c
1000187a:	6323      	str	r3, [r4, #48]	@ 0x30
1000187c:	6363      	str	r3, [r4, #52]	@ 0x34
1000187e:	63a3      	str	r3, [r4, #56]	@ 0x38
10001880:	63e3      	str	r3, [r4, #60]	@ 0x3c
10001882:	6423      	str	r3, [r4, #64]	@ 0x40
10001884:	6463      	str	r3, [r4, #68]	@ 0x44
10001886:	64a3      	str	r3, [r4, #72]	@ 0x48
10001888:	64e3      	str	r3, [r4, #76]	@ 0x4c
1000188a:	6523      	str	r3, [r4, #80]	@ 0x50
1000188c:	6563      	str	r3, [r4, #84]	@ 0x54
1000188e:	65a3      	str	r3, [r4, #88]	@ 0x58
10001890:	65e3      	str	r3, [r4, #92]	@ 0x5c
10001892:	6623      	str	r3, [r4, #96]	@ 0x60
10001894:	6663      	str	r3, [r4, #100]	@ 0x64
10001896:	66a3      	str	r3, [r4, #104]	@ 0x68
10001898:	66e3      	str	r3, [r4, #108]	@ 0x6c
1000189a:	6723      	str	r3, [r4, #112]	@ 0x70
1000189c:	6763      	str	r3, [r4, #116]	@ 0x74
1000189e:	67a3      	str	r3, [r4, #120]	@ 0x78
100018a0:	67e3      	str	r3, [r4, #124]	@ 0x7c
100018a2:	64a3      	str	r3, [r4, #72]	@ 0x48
100018a4:	e7d1      	b.n	1000184a <__aeabi_double_init+0x2a>
100018a6:	4b06      	ldr	r3, [pc, #24]	@ (100018c0 <__aeabi_double_init+0xa0>)
100018a8:	64a3      	str	r3, [r4, #72]	@ 0x48
100018aa:	e7ce      	b.n	1000184a <__aeabi_double_init+0x2a>
100018ac:	00004453 	.word	0x00004453
100018b0:	00004653 	.word	0x00004653
100018b4:	20000990 	.word	0x20000990
100018b8:	0000334c 	.word	0x0000334c
100018bc:	20000d88 	.word	0x20000d88
100018c0:	100018c5 	.word	0x100018c5

100018c4 <double_table_shim_on_use_helper>:
100018c4:	b507      	push	{r0, r1, r2, lr}
100018c6:	4660      	mov	r0, ip
100018c8:	8801      	ldrh	r1, [r0, #0]
100018ca:	0a0a      	lsrs	r2, r1, #8
100018cc:	3002      	adds	r0, #2
100018ce:	2adf      	cmp	r2, #223	@ 0xdf
100018d0:	d1fa      	bne.n	100018c8 <double_table_shim_on_use_helper+0x4>
100018d2:	b2c9      	uxtb	r1, r1
100018d4:	0882      	lsrs	r2, r0, #2
100018d6:	d304      	bcc.n	100018e2 <double_table_shim_on_use_helper+0x1e>
100018d8:	8802      	ldrh	r2, [r0, #0]
100018da:	8840      	ldrh	r0, [r0, #2]
100018dc:	0400      	lsls	r0, r0, #16
100018de:	4310      	orrs	r0, r2
100018e0:	e000      	b.n	100018e4 <double_table_shim_on_use_helper+0x20>
100018e2:	6800      	ldr	r0, [r0, #0]
100018e4:	4a01      	ldr	r2, [pc, #4]	@ (100018ec <double_table_shim_on_use_helper+0x28>)
100018e6:	5050      	str	r0, [r2, r1]
100018e8:	9003      	str	r0, [sp, #12]
100018ea:	bd07      	pop	{r0, r1, r2, pc}
100018ec:	20000990 	.word	0x20000990

100018f0 <__wrap___aeabi_frsub>:
100018f0:	4048      	eors	r0, r1
100018f2:	4041      	eors	r1, r0
100018f4:	4048      	eors	r0, r1

100018f6 <__wrap___aeabi_fsub>:
100018f6:	4b0e      	ldr	r3, [pc, #56]	@ (10001930 <__wrap___aeabi_fmul+0x6>)
100018f8:	685b      	ldr	r3, [r3, #4]
100018fa:	4718      	bx	r3

100018fc <__wrap___aeabi_fadd>:
100018fc:	4b0c      	ldr	r3, [pc, #48]	@ (10001930 <__wrap___aeabi_fmul+0x6>)
100018fe:	681b      	ldr	r3, [r3, #0]
10001900:	4718      	bx	r3

10001902 <__wrap___aeabi_fdiv>:
10001902:	4a0c      	ldr	r2, [pc, #48]	@ (10001934 <__wrap___aeabi_fmul+0xa>)
10001904:	6f93      	ldr	r3, [r2, #120]	@ 0x78
10001906:	089b      	lsrs	r3, r3, #2
10001908:	d202      	bcs.n	10001910 <fdiv_save_state>

1000190a <fdiv_shim_call>:
1000190a:	4b09      	ldr	r3, [pc, #36]	@ (10001930 <__wrap___aeabi_fmul+0x6>)
1000190c:	68db      	ldr	r3, [r3, #12]
1000190e:	4718      	bx	r3

10001910 <fdiv_save_state>:
10001910:	b5f0      	push	{r4, r5, r6, r7, lr}
10001912:	6e14      	ldr	r4, [r2, #96]	@ 0x60
10001914:	6e55      	ldr	r5, [r2, #100]	@ 0x64
10001916:	6f57      	ldr	r7, [r2, #116]	@ 0x74
10001918:	6f16      	ldr	r6, [r2, #112]	@ 0x70
1000191a:	f7ff fff6 	bl	1000190a <fdiv_shim_call>
1000191e:	4a05      	ldr	r2, [pc, #20]	@ (10001934 <__wrap___aeabi_fmul+0xa>)
10001920:	6614      	str	r4, [r2, #96]	@ 0x60
10001922:	6655      	str	r5, [r2, #100]	@ 0x64
10001924:	6757      	str	r7, [r2, #116]	@ 0x74
10001926:	6716      	str	r6, [r2, #112]	@ 0x70
10001928:	bdf0      	pop	{r4, r5, r6, r7, pc}

1000192a <__wrap___aeabi_fmul>:
1000192a:	4b01      	ldr	r3, [pc, #4]	@ (10001930 <__wrap___aeabi_fmul+0x6>)
1000192c:	689b      	ldr	r3, [r3, #8]
1000192e:	4718      	bx	r3
10001930:	20000a90 	.word	0x20000a90
10001934:	d0000000 	.word	0xd0000000

10001938 <__wrap___aeabi_ui2f>:
10001938:	1a49      	subs	r1, r1, r1
1000193a:	2800      	cmp	r0, #0
1000193c:	d108      	bne.n	10001950 <__aeabi_i2f_main>
1000193e:	4608      	mov	r0, r1
10001940:	4770      	bx	lr
	...

10001944 <__wrap___aeabi_i2f>:
10001944:	0fc1      	lsrs	r1, r0, #31
10001946:	07c9      	lsls	r1, r1, #31
10001948:	d500      	bpl.n	1000194c <__wrap___aeabi_i2f+0x8>
1000194a:	4240      	negs	r0, r0
1000194c:	2800      	cmp	r0, #0
1000194e:	d017      	beq.n	10001980 <__aeabi_i2f_main+0x30>

10001950 <__aeabi_i2f_main>:
10001950:	46f4      	mov	ip, lr
10001952:	b403      	push	{r0, r1}
10001954:	4b0b      	ldr	r3, [pc, #44]	@ (10001984 <__aeabi_i2f_main+0x34>)
10001956:	681b      	ldr	r3, [r3, #0]
10001958:	4798      	blx	r3
1000195a:	bc06      	pop	{r1, r2}
1000195c:	4081      	lsls	r1, r0
1000195e:	389e      	subs	r0, #158	@ 0x9e
10001960:	4240      	negs	r0, r0
10001962:	3180      	adds	r1, #128	@ 0x80
10001964:	d207      	bcs.n	10001976 <__aeabi_i2f_main+0x26>
10001966:	060b      	lsls	r3, r1, #24
10001968:	d007      	beq.n	1000197a <__aeabi_i2f_main+0x2a>
1000196a:	0049      	lsls	r1, r1, #1
1000196c:	0a49      	lsrs	r1, r1, #9
1000196e:	05c0      	lsls	r0, r0, #23
10001970:	4310      	orrs	r0, r2
10001972:	4308      	orrs	r0, r1
10001974:	4760      	bx	ip
10001976:	3001      	adds	r0, #1
10001978:	e7f8      	b.n	1000196c <__aeabi_i2f_main+0x1c>
1000197a:	0a49      	lsrs	r1, r1, #9
1000197c:	0289      	lsls	r1, r1, #10
1000197e:	e7f5      	b.n	1000196c <__aeabi_i2f_main+0x1c>
10001980:	4770      	bx	lr
10001982:	0000      	.short	0x0000
10001984:	20000d88 	.word	0x20000d88

10001988 <__wrap___aeabi_f2uiz>:
10001988:	4b01      	ldr	r3, [pc, #4]	@ (10001990 <__wrap___aeabi_f2uiz+0x8>)
1000198a:	6a5b      	ldr	r3, [r3, #36]	@ 0x24
1000198c:	4718      	bx	r3
1000198e:	0000      	.short	0x0000
10001990:	20000a90 	.word	0x20000a90

10001994 <__aeabi_float_init>:
10001994:	2313      	movs	r3, #19
10001996:	b510      	push	{r4, lr}
10001998:	4812      	ldr	r0, [pc, #72]	@ (100019e4 <__aeabi_float_init+0x50>)
1000199a:	781c      	ldrb	r4, [r3, #0]
1000199c:	f7ff fdb0 	bl	10001500 <rom_data_lookup>
100019a0:	0001      	movs	r1, r0
100019a2:	2c01      	cmp	r4, #1
100019a4:	d00a      	beq.n	100019bc <__aeabi_float_init+0x28>
100019a6:	dd03      	ble.n	100019b0 <__aeabi_float_init+0x1c>
100019a8:	2280      	movs	r2, #128	@ 0x80
100019aa:	480f      	ldr	r0, [pc, #60]	@ (100019e8 <__aeabi_float_init+0x54>)
100019ac:	f000 f854 	bl	10001a58 <__wrap___aeabi_memcpy>
100019b0:	480e      	ldr	r0, [pc, #56]	@ (100019ec <__aeabi_float_init+0x58>)
100019b2:	f7ff fd9d 	bl	100014f0 <rom_func_lookup>
100019b6:	4b0e      	ldr	r3, [pc, #56]	@ (100019f0 <__aeabi_float_init+0x5c>)
100019b8:	6018      	str	r0, [r3, #0]
100019ba:	bd10      	pop	{r4, pc}
100019bc:	4c0a      	ldr	r4, [pc, #40]	@ (100019e8 <__aeabi_float_init+0x54>)
100019be:	2254      	movs	r2, #84	@ 0x54
100019c0:	0020      	movs	r0, r4
100019c2:	f000 f849 	bl	10001a58 <__wrap___aeabi_memcpy>
100019c6:	4b0b      	ldr	r3, [pc, #44]	@ (100019f4 <__aeabi_float_init+0x60>)
100019c8:	6563      	str	r3, [r4, #84]	@ 0x54
100019ca:	65a3      	str	r3, [r4, #88]	@ 0x58
100019cc:	65e3      	str	r3, [r4, #92]	@ 0x5c
100019ce:	6623      	str	r3, [r4, #96]	@ 0x60
100019d0:	6663      	str	r3, [r4, #100]	@ 0x64
100019d2:	66a3      	str	r3, [r4, #104]	@ 0x68
100019d4:	66e3      	str	r3, [r4, #108]	@ 0x6c
100019d6:	6723      	str	r3, [r4, #112]	@ 0x70
100019d8:	6763      	str	r3, [r4, #116]	@ 0x74
100019da:	67a3      	str	r3, [r4, #120]	@ 0x78
100019dc:	67e3      	str	r3, [r4, #124]	@ 0x7c
100019de:	6223      	str	r3, [r4, #32]
100019e0:	61e3      	str	r3, [r4, #28]
100019e2:	e7e5      	b.n	100019b0 <__aeabi_float_init+0x1c>
100019e4:	00004653 	.word	0x00004653
100019e8:	20000a90 	.word	0x20000a90
100019ec:	0000334c 	.word	0x0000334c
100019f0:	20000d88 	.word	0x20000d88
100019f4:	100019f9 	.word	0x100019f9

100019f8 <float_table_shim_on_use_helper>:
100019f8:	b507      	push	{r0, r1, r2, lr}
100019fa:	4660      	mov	r0, ip
100019fc:	8801      	ldrh	r1, [r0, #0]
100019fe:	0a0a      	lsrs	r2, r1, #8
10001a00:	3002      	adds	r0, #2
10001a02:	2adf      	cmp	r2, #223	@ 0xdf
10001a04:	d1fa      	bne.n	100019fc <float_table_shim_on_use_helper+0x4>
10001a06:	b2c9      	uxtb	r1, r1
10001a08:	0882      	lsrs	r2, r0, #2
10001a0a:	d304      	bcc.n	10001a16 <float_table_shim_on_use_helper+0x1e>
10001a0c:	8802      	ldrh	r2, [r0, #0]
10001a0e:	8840      	ldrh	r0, [r0, #2]
10001a10:	0400      	lsls	r0, r0, #16
10001a12:	4310      	orrs	r0, r2
10001a14:	e000      	b.n	10001a18 <float_table_shim_on_use_helper+0x20>
10001a16:	6800      	ldr	r0, [r0, #0]
10001a18:	4a01      	ldr	r2, [pc, #4]	@ (10001a20 <float_table_shim_on_use_helper+0x28>)
10001a1a:	5050      	str	r0, [r2, r1]
10001a1c:	9003      	str	r0, [sp, #12]
10001a1e:	bd07      	pop	{r0, r1, r2, pc}
10001a20:	20000a90 	.word	0x20000a90

10001a24 <__wrap_malloc>:
10001a24:	b510      	push	{r4, lr}
10001a26:	0004      	movs	r4, r0
10001a28:	f000 fa96 	bl	10001f58 <malloc>
10001a2c:	2800      	cmp	r0, #0
10001a2e:	d004      	beq.n	10001a3a <__wrap_malloc+0x16>
10001a30:	4b03      	ldr	r3, [pc, #12]	@ (10001a40 <__wrap_malloc+0x1c>)
10001a32:	1904      	adds	r4, r0, r4
10001a34:	429c      	cmp	r4, r3
10001a36:	d800      	bhi.n	10001a3a <__wrap_malloc+0x16>
10001a38:	bd10      	pop	{r4, pc}
10001a3a:	4802      	ldr	r0, [pc, #8]	@ (10001a44 <__wrap_malloc+0x20>)
10001a3c:	f7fe ff66 	bl	1000090c <panic>
10001a40:	20040000 	.word	0x20040000
10001a44:	100029b0 	.word	0x100029b0

10001a48 <__aeabi_mem_init>:
10001a48:	4801      	ldr	r0, [pc, #4]	@ (10001a50 <__aeabi_mem_init+0x8>)
10001a4a:	2104      	movs	r1, #4
10001a4c:	4b01      	ldr	r3, [pc, #4]	@ (10001a54 <__aeabi_mem_init+0xc>)
10001a4e:	4718      	bx	r3
10001a50:	200001d0 	.word	0x200001d0
10001a54:	10001511 	.word	0x10001511

10001a58 <__wrap___aeabi_memcpy>:
10001a58:	4b01      	ldr	r3, [pc, #4]	@ (10001a60 <__wrap___aeabi_memcpy+0x8>)
10001a5a:	685b      	ldr	r3, [r3, #4]
10001a5c:	4718      	bx	r3
10001a5e:	0000      	.short	0x0000
10001a60:	200001d0 	.word	0x200001d0

10001a64 <_Znaj>:
10001a64:	b510      	push	{r4, lr}
10001a66:	f7ff ffdd 	bl	10001a24 <__wrap_malloc>
10001a6a:	bd10      	pop	{r4, pc}

10001a6c <_out_char>:
10001a6c:	b510      	push	{r4, lr}
10001a6e:	2800      	cmp	r0, #0
10001a70:	d100      	bne.n	10001a74 <_out_char+0x8>
10001a72:	bd10      	pop	{r4, pc}
10001a74:	f000 f92e 	bl	10001cd4 <__wrap_putchar>
10001a78:	e7fb      	b.n	10001a72 <_out_char+0x6>
10001a7a:	46c0      	nop			@ (mov r8, r8)

10001a7c <weak_raw_vprintf>:
10001a7c:	b510      	push	{r4, lr}
10001a7e:	4a09      	ldr	r2, [pc, #36]	@ (10001aa4 <weak_raw_vprintf+0x28>)
10001a80:	0003      	movs	r3, r0
10001a82:	6814      	ldr	r4, [r2, #0]
10001a84:	b084      	sub	sp, #16
10001a86:	2c00      	cmp	r4, #0
10001a88:	d008      	beq.n	10001a9c <weak_raw_vprintf+0x20>
10001a8a:	2201      	movs	r2, #1
10001a8c:	9100      	str	r1, [sp, #0]
10001a8e:	4806      	ldr	r0, [pc, #24]	@ (10001aa8 <weak_raw_vprintf+0x2c>)
10001a90:	4252      	negs	r2, r2
10001a92:	a903      	add	r1, sp, #12
10001a94:	47a0      	blx	r4
10001a96:	2001      	movs	r0, #1
10001a98:	b004      	add	sp, #16
10001a9a:	bd10      	pop	{r4, pc}
10001a9c:	f000 f964 	bl	10001d68 <__wrap_puts>
10001aa0:	2000      	movs	r0, #0
10001aa2:	e7f9      	b.n	10001a98 <weak_raw_vprintf+0x1c>
10001aa4:	20000d5c 	.word	0x20000d5c
10001aa8:	10001a6d 	.word	0x10001a6d

10001aac <_exit>:
10001aac:	be00      	bkpt	0x0000
10001aae:	e7fd      	b.n	10001aac <_exit>

10001ab0 <_sbrk>:
10001ab0:	4a09      	ldr	r2, [pc, #36]	@ (10001ad8 <_sbrk+0x28>)
10001ab2:	0003      	movs	r3, r0
10001ab4:	6810      	ldr	r0, [r2, #0]
10001ab6:	2800      	cmp	r0, #0
10001ab8:	d005      	beq.n	10001ac6 <_sbrk+0x16>
10001aba:	4908      	ldr	r1, [pc, #32]	@ (10001adc <_sbrk+0x2c>)
10001abc:	18c3      	adds	r3, r0, r3
10001abe:	428b      	cmp	r3, r1
10001ac0:	d807      	bhi.n	10001ad2 <_sbrk+0x22>
10001ac2:	6013      	str	r3, [r2, #0]
10001ac4:	4770      	bx	lr
10001ac6:	4806      	ldr	r0, [pc, #24]	@ (10001ae0 <_sbrk+0x30>)
10001ac8:	4904      	ldr	r1, [pc, #16]	@ (10001adc <_sbrk+0x2c>)
10001aca:	18c3      	adds	r3, r0, r3
10001acc:	6010      	str	r0, [r2, #0]
10001ace:	428b      	cmp	r3, r1
10001ad0:	d9f7      	bls.n	10001ac2 <_sbrk+0x12>
10001ad2:	2001      	movs	r0, #1
10001ad4:	4240      	negs	r0, r0
10001ad6:	e7f5      	b.n	10001ac4 <_sbrk+0x14>
10001ad8:	20000d58 	.word	0x20000d58
10001adc:	20040000 	.word	0x20040000
10001ae0:	20000d94 	.word	0x20000d94

10001ae4 <exit>:
10001ae4:	b510      	push	{r4, lr}
10001ae6:	f7ff ffe1 	bl	10001aac <_exit>
10001aea:	46c0      	nop			@ (mov r8, r8)

10001aec <runtime_init>:
10001aec:	b570      	push	{r4, r5, r6, lr}
10001aee:	f7ff fd4d 	bl	1000158c <runtime_run_initializers>
10001af2:	4d07      	ldr	r5, [pc, #28]	@ (10001b10 <runtime_init+0x24>)
10001af4:	4e07      	ldr	r6, [pc, #28]	@ (10001b14 <runtime_init+0x28>)
10001af6:	42b5      	cmp	r5, r6
10001af8:	d209      	bcs.n	10001b0e <runtime_init+0x22>
10001afa:	2400      	movs	r4, #0
10001afc:	3e01      	subs	r6, #1
10001afe:	1b76      	subs	r6, r6, r5
10001b00:	08b6      	lsrs	r6, r6, #2
10001b02:	cd08      	ldmia	r5!, {r3}
10001b04:	4798      	blx	r3
10001b06:	0023      	movs	r3, r4
10001b08:	3401      	adds	r4, #1
10001b0a:	42b3      	cmp	r3, r6
10001b0c:	d1f9      	bne.n	10001b02 <runtime_init+0x16>
10001b0e:	bd70      	pop	{r4, r5, r6, pc}
10001b10:	1000291c 	.word	0x1000291c
10001b14:	10002924 	.word	0x10002924

10001b18 <stdio_out_chars_no_crlf>:
10001b18:	0003      	movs	r3, r0
10001b1a:	b510      	push	{r4, lr}
10001b1c:	0008      	movs	r0, r1
10001b1e:	0011      	movs	r1, r2
10001b20:	681b      	ldr	r3, [r3, #0]
10001b22:	4798      	blx	r3
10001b24:	bd10      	pop	{r4, pc}
10001b26:	46c0      	nop			@ (mov r8, r8)

10001b28 <stdio_out_chars_crlf>:
10001b28:	b5f0      	push	{r4, r5, r6, r7, lr}
10001b2a:	46c6      	mov	lr, r8
10001b2c:	b500      	push	{lr}
10001b2e:	7d43      	ldrb	r3, [r0, #21]
10001b30:	0007      	movs	r7, r0
10001b32:	000c      	movs	r4, r1
10001b34:	0016      	movs	r6, r2
10001b36:	2b00      	cmp	r3, #0
10001b38:	d046      	beq.n	10001bc8 <stdio_out_chars_crlf+0xa0>
10001b3a:	2a00      	cmp	r2, #0
10001b3c:	dd17      	ble.n	10001b6e <stdio_out_chars_crlf+0x46>
10001b3e:	780b      	ldrb	r3, [r1, #0]
10001b40:	2b0a      	cmp	r3, #10
10001b42:	d024      	beq.n	10001b8e <stdio_out_chars_crlf+0x66>
10001b44:	2300      	movs	r3, #0
10001b46:	4698      	mov	r8, r3
10001b48:	2e01      	cmp	r6, #1
10001b4a:	d013      	beq.n	10001b74 <stdio_out_chars_crlf+0x4c>
10001b4c:	2501      	movs	r5, #1
10001b4e:	0029      	movs	r1, r5
10001b50:	5c63      	ldrb	r3, [r4, r1]
10001b52:	3501      	adds	r5, #1
10001b54:	2b0a      	cmp	r3, #10
10001b56:	d026      	beq.n	10001ba6 <stdio_out_chars_crlf+0x7e>
10001b58:	42b5      	cmp	r5, r6
10001b5a:	d1f8      	bne.n	10001b4e <stdio_out_chars_crlf+0x26>
10001b5c:	4546      	cmp	r6, r8
10001b5e:	dc09      	bgt.n	10001b74 <stdio_out_chars_crlf+0x4c>
10001b60:	19a4      	adds	r4, r4, r6
10001b62:	3c01      	subs	r4, #1
10001b64:	7823      	ldrb	r3, [r4, #0]
10001b66:	3b0d      	subs	r3, #13
10001b68:	425a      	negs	r2, r3
10001b6a:	4153      	adcs	r3, r2
10001b6c:	753b      	strb	r3, [r7, #20]
10001b6e:	bc80      	pop	{r7}
10001b70:	46b8      	mov	r8, r7
10001b72:	bdf0      	pop	{r4, r5, r6, r7, pc}
10001b74:	4643      	mov	r3, r8
10001b76:	18e0      	adds	r0, r4, r3
10001b78:	19a4      	adds	r4, r4, r6
10001b7a:	1af1      	subs	r1, r6, r3
10001b7c:	3c01      	subs	r4, #1
10001b7e:	683b      	ldr	r3, [r7, #0]
10001b80:	4798      	blx	r3
10001b82:	7823      	ldrb	r3, [r4, #0]
10001b84:	3b0d      	subs	r3, #13
10001b86:	425a      	negs	r2, r3
10001b88:	4153      	adcs	r3, r2
10001b8a:	753b      	strb	r3, [r7, #20]
10001b8c:	e7ef      	b.n	10001b6e <stdio_out_chars_crlf+0x46>
10001b8e:	7d03      	ldrb	r3, [r0, #20]
10001b90:	2b00      	cmp	r3, #0
10001b92:	d1d7      	bne.n	10001b44 <stdio_out_chars_crlf+0x1c>
10001b94:	2102      	movs	r1, #2
10001b96:	480f      	ldr	r0, [pc, #60]	@ (10001bd4 <stdio_out_chars_crlf+0xac>)
10001b98:	683b      	ldr	r3, [r7, #0]
10001b9a:	4798      	blx	r3
10001b9c:	2e01      	cmp	r6, #1
10001b9e:	d0df      	beq.n	10001b60 <stdio_out_chars_crlf+0x38>
10001ba0:	2301      	movs	r3, #1
10001ba2:	4698      	mov	r8, r3
10001ba4:	e7d2      	b.n	10001b4c <stdio_out_chars_crlf+0x24>
10001ba6:	1e63      	subs	r3, r4, #1
10001ba8:	5c5b      	ldrb	r3, [r3, r1]
10001baa:	2b0d      	cmp	r3, #13
10001bac:	d0d4      	beq.n	10001b58 <stdio_out_chars_crlf+0x30>
10001bae:	4588      	cmp	r8, r1
10001bb0:	da04      	bge.n	10001bbc <stdio_out_chars_crlf+0x94>
10001bb2:	4643      	mov	r3, r8
10001bb4:	1ac9      	subs	r1, r1, r3
10001bb6:	18e0      	adds	r0, r4, r3
10001bb8:	683b      	ldr	r3, [r7, #0]
10001bba:	4798      	blx	r3
10001bbc:	2102      	movs	r1, #2
10001bbe:	4805      	ldr	r0, [pc, #20]	@ (10001bd4 <stdio_out_chars_crlf+0xac>)
10001bc0:	683b      	ldr	r3, [r7, #0]
10001bc2:	46a8      	mov	r8, r5
10001bc4:	4798      	blx	r3
10001bc6:	e7c7      	b.n	10001b58 <stdio_out_chars_crlf+0x30>
10001bc8:	6803      	ldr	r3, [r0, #0]
10001bca:	0011      	movs	r1, r2
10001bcc:	0020      	movs	r0, r4
10001bce:	4798      	blx	r3
10001bd0:	e7cd      	b.n	10001b6e <stdio_out_chars_crlf+0x46>
10001bd2:	46c0      	nop			@ (mov r8, r8)
10001bd4:	10002a5c 	.word	0x10002a5c

10001bd8 <stdio_put_string>:
10001bd8:	b5f0      	push	{r4, r5, r6, r7, lr}
10001bda:	4645      	mov	r5, r8
10001bdc:	46de      	mov	lr, fp
10001bde:	464e      	mov	r6, r9
10001be0:	4657      	mov	r7, sl
10001be2:	b5e0      	push	{r5, r6, r7, lr}
10001be4:	b083      	sub	sp, #12
10001be6:	4691      	mov	r9, r2
10001be8:	001c      	movs	r4, r3
10001bea:	4680      	mov	r8, r0
10001bec:	000d      	movs	r5, r1
10001bee:	f7ff fb17 	bl	10001220 <time_us_64>
10001bf2:	2300      	movs	r3, #0
10001bf4:	4a30      	ldr	r2, [pc, #192]	@ (10001cb8 <stdio_put_string+0xe0>)
10001bf6:	1812      	adds	r2, r2, r0
10001bf8:	414b      	adcs	r3, r1
10001bfa:	2b00      	cmp	r3, #0
10001bfc:	da02      	bge.n	10001c04 <stdio_put_string+0x2c>
10001bfe:	2201      	movs	r2, #1
10001c00:	4b2e      	ldr	r3, [pc, #184]	@ (10001cbc <stdio_put_string+0xe4>)
10001c02:	4252      	negs	r2, r2
10001c04:	492e      	ldr	r1, [pc, #184]	@ (10001cc0 <stdio_put_string+0xe8>)
10001c06:	0008      	movs	r0, r1
10001c08:	468a      	mov	sl, r1
10001c0a:	f000 fe61 	bl	100028d0 <__mutex_try_enter_block_until_veneer>
10001c0e:	0007      	movs	r7, r0
10001c10:	1c6b      	adds	r3, r5, #1
10001c12:	d103      	bne.n	10001c1c <stdio_put_string+0x44>
10001c14:	4640      	mov	r0, r8
10001c16:	f000 fcc9 	bl	100025ac <strlen>
10001c1a:	0005      	movs	r5, r0
10001c1c:	2c00      	cmp	r4, #0
10001c1e:	d027      	beq.n	10001c70 <stdio_put_string+0x98>
10001c20:	4e28      	ldr	r6, [pc, #160]	@ (10001cc4 <stdio_put_string+0xec>)
10001c22:	4b29      	ldr	r3, [pc, #164]	@ (10001cc8 <stdio_put_string+0xf0>)
10001c24:	681c      	ldr	r4, [r3, #0]
10001c26:	2c00      	cmp	r4, #0
10001c28:	d018      	beq.n	10001c5c <stdio_put_string+0x84>
10001c2a:	464b      	mov	r3, r9
10001c2c:	2b00      	cmp	r3, #0
10001c2e:	d121      	bne.n	10001c74 <stdio_put_string+0x9c>
10001c30:	4b26      	ldr	r3, [pc, #152]	@ (10001ccc <stdio_put_string+0xf4>)
10001c32:	4699      	mov	r9, r3
10001c34:	e002      	b.n	10001c3c <stdio_put_string+0x64>
10001c36:	6924      	ldr	r4, [r4, #16]
10001c38:	2c00      	cmp	r4, #0
10001c3a:	d00f      	beq.n	10001c5c <stdio_put_string+0x84>
10001c3c:	6823      	ldr	r3, [r4, #0]
10001c3e:	2b00      	cmp	r3, #0
10001c40:	d0f9      	beq.n	10001c36 <stdio_put_string+0x5e>
10001c42:	464b      	mov	r3, r9
10001c44:	681b      	ldr	r3, [r3, #0]
10001c46:	2b00      	cmp	r3, #0
10001c48:	d001      	beq.n	10001c4e <stdio_put_string+0x76>
10001c4a:	429c      	cmp	r4, r3
10001c4c:	d1f3      	bne.n	10001c36 <stdio_put_string+0x5e>
10001c4e:	0020      	movs	r0, r4
10001c50:	002a      	movs	r2, r5
10001c52:	4641      	mov	r1, r8
10001c54:	47b0      	blx	r6
10001c56:	6924      	ldr	r4, [r4, #16]
10001c58:	2c00      	cmp	r4, #0
10001c5a:	d1ef      	bne.n	10001c3c <stdio_put_string+0x64>
10001c5c:	2f00      	cmp	r7, #0
10001c5e:	d126      	bne.n	10001cae <stdio_put_string+0xd6>
10001c60:	0028      	movs	r0, r5
10001c62:	b003      	add	sp, #12
10001c64:	bcf0      	pop	{r4, r5, r6, r7}
10001c66:	46bb      	mov	fp, r7
10001c68:	46b2      	mov	sl, r6
10001c6a:	46a9      	mov	r9, r5
10001c6c:	46a0      	mov	r8, r4
10001c6e:	bdf0      	pop	{r4, r5, r6, r7, pc}
10001c70:	4e17      	ldr	r6, [pc, #92]	@ (10001cd0 <stdio_put_string+0xf8>)
10001c72:	e7d6      	b.n	10001c22 <stdio_put_string+0x4a>
10001c74:	4b15      	ldr	r3, [pc, #84]	@ (10001ccc <stdio_put_string+0xf4>)
10001c76:	4699      	mov	r9, r3
10001c78:	230a      	movs	r3, #10
10001c7a:	469b      	mov	fp, r3
10001c7c:	e002      	b.n	10001c84 <stdio_put_string+0xac>
10001c7e:	6924      	ldr	r4, [r4, #16]
10001c80:	2c00      	cmp	r4, #0
10001c82:	d0eb      	beq.n	10001c5c <stdio_put_string+0x84>
10001c84:	6823      	ldr	r3, [r4, #0]
10001c86:	2b00      	cmp	r3, #0
10001c88:	d0f9      	beq.n	10001c7e <stdio_put_string+0xa6>
10001c8a:	464b      	mov	r3, r9
10001c8c:	681b      	ldr	r3, [r3, #0]
10001c8e:	2b00      	cmp	r3, #0
10001c90:	d001      	beq.n	10001c96 <stdio_put_string+0xbe>
10001c92:	42a3      	cmp	r3, r4
10001c94:	d1f3      	bne.n	10001c7e <stdio_put_string+0xa6>
10001c96:	002a      	movs	r2, r5
10001c98:	4641      	mov	r1, r8
10001c9a:	0020      	movs	r0, r4
10001c9c:	47b0      	blx	r6
10001c9e:	466b      	mov	r3, sp
10001ca0:	465a      	mov	r2, fp
10001ca2:	0020      	movs	r0, r4
10001ca4:	71da      	strb	r2, [r3, #7]
10001ca6:	1dd9      	adds	r1, r3, #7
10001ca8:	2201      	movs	r2, #1
10001caa:	47b0      	blx	r6
10001cac:	e7e7      	b.n	10001c7e <stdio_put_string+0xa6>
10001cae:	4650      	mov	r0, sl
10001cb0:	f000 fdfe 	bl	100028b0 <__mutex_exit_veneer>
10001cb4:	e7d4      	b.n	10001c60 <stdio_put_string+0x88>
10001cb6:	46c0      	nop			@ (mov r8, r8)
10001cb8:	000f4240 	.word	0x000f4240
10001cbc:	7fffffff 	.word	0x7fffffff
10001cc0:	200007f8 	.word	0x200007f8
10001cc4:	10001b29 	.word	0x10001b29
10001cc8:	20000d34 	.word	0x20000d34
10001ccc:	20000d3c 	.word	0x20000d3c
10001cd0:	10001b19 	.word	0x10001b19

10001cd4 <__wrap_putchar>:
10001cd4:	b5f0      	push	{r4, r5, r6, r7, lr}
10001cd6:	46ce      	mov	lr, r9
10001cd8:	4647      	mov	r7, r8
10001cda:	b580      	push	{r7, lr}
10001cdc:	b083      	sub	sp, #12
10001cde:	466b      	mov	r3, sp
10001ce0:	0006      	movs	r6, r0
10001ce2:	1ddd      	adds	r5, r3, #7
10001ce4:	7028      	strb	r0, [r5, #0]
10001ce6:	f7ff fa9b 	bl	10001220 <time_us_64>
10001cea:	2300      	movs	r3, #0
10001cec:	4a19      	ldr	r2, [pc, #100]	@ (10001d54 <__wrap_putchar+0x80>)
10001cee:	1812      	adds	r2, r2, r0
10001cf0:	414b      	adcs	r3, r1
10001cf2:	2b00      	cmp	r3, #0
10001cf4:	da02      	bge.n	10001cfc <__wrap_putchar+0x28>
10001cf6:	2201      	movs	r2, #1
10001cf8:	4b17      	ldr	r3, [pc, #92]	@ (10001d58 <__wrap_putchar+0x84>)
10001cfa:	4252      	negs	r2, r2
10001cfc:	4917      	ldr	r1, [pc, #92]	@ (10001d5c <__wrap_putchar+0x88>)
10001cfe:	0008      	movs	r0, r1
10001d00:	4688      	mov	r8, r1
10001d02:	f000 fde5 	bl	100028d0 <__mutex_try_enter_block_until_veneer>
10001d06:	4b16      	ldr	r3, [pc, #88]	@ (10001d60 <__wrap_putchar+0x8c>)
10001d08:	4681      	mov	r9, r0
10001d0a:	681c      	ldr	r4, [r3, #0]
10001d0c:	2c00      	cmp	r4, #0
10001d0e:	d014      	beq.n	10001d3a <__wrap_putchar+0x66>
10001d10:	4f14      	ldr	r7, [pc, #80]	@ (10001d64 <__wrap_putchar+0x90>)
10001d12:	e002      	b.n	10001d1a <__wrap_putchar+0x46>
10001d14:	6924      	ldr	r4, [r4, #16]
10001d16:	2c00      	cmp	r4, #0
10001d18:	d00f      	beq.n	10001d3a <__wrap_putchar+0x66>
10001d1a:	6823      	ldr	r3, [r4, #0]
10001d1c:	2b00      	cmp	r3, #0
10001d1e:	d0f9      	beq.n	10001d14 <__wrap_putchar+0x40>
10001d20:	683b      	ldr	r3, [r7, #0]
10001d22:	2b00      	cmp	r3, #0
10001d24:	d001      	beq.n	10001d2a <__wrap_putchar+0x56>
10001d26:	429c      	cmp	r4, r3
10001d28:	d1f4      	bne.n	10001d14 <__wrap_putchar+0x40>
10001d2a:	0020      	movs	r0, r4
10001d2c:	2201      	movs	r2, #1
10001d2e:	0029      	movs	r1, r5
10001d30:	f7ff fefa 	bl	10001b28 <stdio_out_chars_crlf>
10001d34:	6924      	ldr	r4, [r4, #16]
10001d36:	2c00      	cmp	r4, #0
10001d38:	d1ef      	bne.n	10001d1a <__wrap_putchar+0x46>
10001d3a:	464b      	mov	r3, r9
10001d3c:	2b00      	cmp	r3, #0
10001d3e:	d105      	bne.n	10001d4c <__wrap_putchar+0x78>
10001d40:	0030      	movs	r0, r6
10001d42:	b003      	add	sp, #12
10001d44:	bcc0      	pop	{r6, r7}
10001d46:	46b9      	mov	r9, r7
10001d48:	46b0      	mov	r8, r6
10001d4a:	bdf0      	pop	{r4, r5, r6, r7, pc}
10001d4c:	4640      	mov	r0, r8
10001d4e:	f000 fdaf 	bl	100028b0 <__mutex_exit_veneer>
10001d52:	e7f5      	b.n	10001d40 <__wrap_putchar+0x6c>
10001d54:	000f4240 	.word	0x000f4240
10001d58:	7fffffff 	.word	0x7fffffff
10001d5c:	200007f8 	.word	0x200007f8
10001d60:	20000d34 	.word	0x20000d34
10001d64:	20000d3c 	.word	0x20000d3c

10001d68 <__wrap_puts>:
10001d68:	b570      	push	{r4, r5, r6, lr}
10001d6a:	0004      	movs	r4, r0
10001d6c:	f000 fc1e 	bl	100025ac <strlen>
10001d70:	2301      	movs	r3, #1
10001d72:	0001      	movs	r1, r0
10001d74:	0005      	movs	r5, r0
10001d76:	2201      	movs	r2, #1
10001d78:	0020      	movs	r0, r4
10001d7a:	f7ff ff2d 	bl	10001bd8 <stdio_put_string>
10001d7e:	4b08      	ldr	r3, [pc, #32]	@ (10001da0 <__wrap_puts+0x38>)
10001d80:	681c      	ldr	r4, [r3, #0]
10001d82:	2c00      	cmp	r4, #0
10001d84:	d006      	beq.n	10001d94 <__wrap_puts+0x2c>
10001d86:	6863      	ldr	r3, [r4, #4]
10001d88:	2b00      	cmp	r3, #0
10001d8a:	d005      	beq.n	10001d98 <__wrap_puts+0x30>
10001d8c:	4798      	blx	r3
10001d8e:	6924      	ldr	r4, [r4, #16]
10001d90:	2c00      	cmp	r4, #0
10001d92:	d1f8      	bne.n	10001d86 <__wrap_puts+0x1e>
10001d94:	0028      	movs	r0, r5
10001d96:	bd70      	pop	{r4, r5, r6, pc}
10001d98:	6924      	ldr	r4, [r4, #16]
10001d9a:	2c00      	cmp	r4, #0
10001d9c:	d1f3      	bne.n	10001d86 <__wrap_puts+0x1e>
10001d9e:	e7f9      	b.n	10001d94 <__wrap_puts+0x2c>
10001da0:	20000d34 	.word	0x20000d34

10001da4 <add_program_at_offset>:
10001da4:	b5f0      	push	{r4, r5, r6, r7, lr}
10001da6:	46ce      	mov	lr, r9
10001da8:	4647      	mov	r7, r8
10001daa:	b580      	push	{r7, lr}
10001dac:	798b      	ldrb	r3, [r1, #6]
10001dae:	2b00      	cmp	r3, #0
10001db0:	d142      	bne.n	10001e38 <add_program_at_offset+0x94>
10001db2:	2305      	movs	r3, #5
10001db4:	56cb      	ldrsb	r3, [r1, r3]
10001db6:	2b00      	cmp	r3, #0
10001db8:	db01      	blt.n	10001dbe <add_program_at_offset+0x1a>
10001dba:	429a      	cmp	r2, r3
10001dbc:	d139      	bne.n	10001e32 <add_program_at_offset+0x8e>
10001dbe:	4b20      	ldr	r3, [pc, #128]	@ (10001e40 <add_program_at_offset+0x9c>)
10001dc0:	4c20      	ldr	r4, [pc, #128]	@ (10001e44 <add_program_at_offset+0xa0>)
10001dc2:	18c3      	adds	r3, r0, r3
10001dc4:	0d1b      	lsrs	r3, r3, #20
10001dc6:	009b      	lsls	r3, r3, #2
10001dc8:	469c      	mov	ip, r3
10001dca:	46a1      	mov	r9, r4
10001dcc:	0023      	movs	r3, r4
10001dce:	4664      	mov	r4, ip
10001dd0:	591b      	ldr	r3, [r3, r4]
10001dd2:	790d      	ldrb	r5, [r1, #4]
10001dd4:	4698      	mov	r8, r3
10001dd6:	2301      	movs	r3, #1
10001dd8:	40ab      	lsls	r3, r5
10001dda:	3b01      	subs	r3, #1
10001ddc:	4093      	lsls	r3, r2
10001dde:	4644      	mov	r4, r8
10001de0:	4646      	mov	r6, r8
10001de2:	401c      	ands	r4, r3
10001de4:	4233      	tst	r3, r6
10001de6:	d121      	bne.n	10001e2c <add_program_at_offset+0x88>
10001de8:	2d00      	cmp	r5, #0
10001dea:	d014      	beq.n	10001e16 <add_program_at_offset+0x72>
10001dec:	2680      	movs	r6, #128	@ 0x80
10001dee:	680f      	ldr	r7, [r1, #0]
10001df0:	01b6      	lsls	r6, r6, #6
10001df2:	0063      	lsls	r3, r4, #1
10001df4:	5afd      	ldrh	r5, [r7, r3]
10001df6:	42b5      	cmp	r5, r6
10001df8:	d200      	bcs.n	10001dfc <add_program_at_offset+0x58>
10001dfa:	18ad      	adds	r5, r5, r2
10001dfc:	1913      	adds	r3, r2, r4
10001dfe:	3312      	adds	r3, #18
10001e00:	009b      	lsls	r3, r3, #2
10001e02:	501d      	str	r5, [r3, r0]
10001e04:	790b      	ldrb	r3, [r1, #4]
10001e06:	3401      	adds	r4, #1
10001e08:	42a3      	cmp	r3, r4
10001e0a:	d8f2      	bhi.n	10001df2 <add_program_at_offset+0x4e>
10001e0c:	2101      	movs	r1, #1
10001e0e:	4099      	lsls	r1, r3
10001e10:	000b      	movs	r3, r1
10001e12:	3b01      	subs	r3, #1
10001e14:	4093      	lsls	r3, r2
10001e16:	4641      	mov	r1, r8
10001e18:	4319      	orrs	r1, r3
10001e1a:	000b      	movs	r3, r1
10001e1c:	4660      	mov	r0, ip
10001e1e:	4649      	mov	r1, r9
10001e20:	500b      	str	r3, [r1, r0]
10001e22:	0010      	movs	r0, r2
10001e24:	bcc0      	pop	{r6, r7}
10001e26:	46b9      	mov	r9, r7
10001e28:	46b0      	mov	r8, r6
10001e2a:	bdf0      	pop	{r4, r5, r6, r7, pc}
10001e2c:	2009      	movs	r0, #9
10001e2e:	4240      	negs	r0, r0
10001e30:	e7f8      	b.n	10001e24 <add_program_at_offset+0x80>
10001e32:	200b      	movs	r0, #11
10001e34:	4240      	negs	r0, r0
10001e36:	e7f5      	b.n	10001e24 <add_program_at_offset+0x80>
10001e38:	2014      	movs	r0, #20
10001e3a:	4240      	negs	r0, r0
10001e3c:	e7f2      	b.n	10001e24 <add_program_at_offset+0x80>
10001e3e:	46c0      	nop			@ (mov r8, r8)
10001e40:	afe00000 	.word	0xafe00000
10001e44:	20000d00 	.word	0x20000d00

10001e48 <pio_add_program>:
10001e48:	b5f8      	push	{r3, r4, r5, r6, r7, lr}
10001e4a:	0006      	movs	r6, r0
10001e4c:	000d      	movs	r5, r1
10001e4e:	f7fe fd75 	bl	1000093c <hw_claim_lock>
10001e52:	2401      	movs	r4, #1
10001e54:	4b17      	ldr	r3, [pc, #92]	@ (10001eb4 <pio_add_program+0x6c>)
10001e56:	4918      	ldr	r1, [pc, #96]	@ (10001eb8 <pio_add_program+0x70>)
10001e58:	18f3      	adds	r3, r6, r3
10001e5a:	0d1b      	lsrs	r3, r3, #20
10001e5c:	009b      	lsls	r3, r3, #2
10001e5e:	0007      	movs	r7, r0
10001e60:	2205      	movs	r2, #5
10001e62:	5858      	ldr	r0, [r3, r1]
10001e64:	7929      	ldrb	r1, [r5, #4]
10001e66:	2320      	movs	r3, #32
10001e68:	408c      	lsls	r4, r1
10001e6a:	56aa      	ldrsb	r2, [r5, r2]
10001e6c:	3c01      	subs	r4, #1
10001e6e:	1a5b      	subs	r3, r3, r1
10001e70:	2a00      	cmp	r2, #0
10001e72:	db11      	blt.n	10001e98 <pio_add_program+0x50>
10001e74:	429a      	cmp	r2, r3
10001e76:	dc0c      	bgt.n	10001e92 <pio_add_program+0x4a>
10001e78:	4094      	lsls	r4, r2
10001e7a:	4220      	tst	r0, r4
10001e7c:	d109      	bne.n	10001e92 <pio_add_program+0x4a>
10001e7e:	0029      	movs	r1, r5
10001e80:	0030      	movs	r0, r6
10001e82:	f7ff ff8f 	bl	10001da4 <add_program_at_offset>
10001e86:	0004      	movs	r4, r0
10001e88:	0038      	movs	r0, r7
10001e8a:	f7fe fd63 	bl	10000954 <hw_claim_unlock>
10001e8e:	0020      	movs	r0, r4
10001e90:	bdf8      	pop	{r3, r4, r5, r6, r7, pc}
10001e92:	2401      	movs	r4, #1
10001e94:	4264      	negs	r4, r4
10001e96:	e7f7      	b.n	10001e88 <pio_add_program+0x40>
10001e98:	2b00      	cmp	r3, #0
10001e9a:	da02      	bge.n	10001ea2 <pio_add_program+0x5a>
10001e9c:	e007      	b.n	10001eae <pio_add_program+0x66>
10001e9e:	3b01      	subs	r3, #1
10001ea0:	d305      	bcc.n	10001eae <pio_add_program+0x66>
10001ea2:	0021      	movs	r1, r4
10001ea4:	4099      	lsls	r1, r3
10001ea6:	001a      	movs	r2, r3
10001ea8:	4208      	tst	r0, r1
10001eaa:	d1f8      	bne.n	10001e9e <pio_add_program+0x56>
10001eac:	e7e7      	b.n	10001e7e <pio_add_program+0x36>
10001eae:	2409      	movs	r4, #9
10001eb0:	4264      	negs	r4, r4
10001eb2:	e7e9      	b.n	10001e88 <pio_add_program+0x40>
10001eb4:	afe00000 	.word	0xafe00000
10001eb8:	20000d00 	.word	0x20000d00

10001ebc <pio_sm_init>:
10001ebc:	b5f0      	push	{r4, r5, r6, r7, lr}
10001ebe:	2501      	movs	r5, #1
10001ec0:	408d      	lsls	r5, r1
10001ec2:	6804      	ldr	r4, [r0, #0]
10001ec4:	43ac      	bics	r4, r5
10001ec6:	6004      	str	r4, [r0, #0]
10001ec8:	2b00      	cmp	r3, #0
10001eca:	d02e      	beq.n	10001f2a <pio_sm_init+0x6e>
10001ecc:	004d      	lsls	r5, r1, #1
10001ece:	186c      	adds	r4, r5, r1
10001ed0:	00e4      	lsls	r4, r4, #3
10001ed2:	1904      	adds	r4, r0, r4
10001ed4:	0026      	movs	r6, r4
10001ed6:	681f      	ldr	r7, [r3, #0]
10001ed8:	36c8      	adds	r6, #200	@ 0xc8
10001eda:	6037      	str	r7, [r6, #0]
10001edc:	689f      	ldr	r7, [r3, #8]
10001ede:	3604      	adds	r6, #4
10001ee0:	6077      	str	r7, [r6, #4]
10001ee2:	685f      	ldr	r7, [r3, #4]
10001ee4:	34dc      	adds	r4, #220	@ 0xdc
10001ee6:	6037      	str	r7, [r6, #0]
10001ee8:	68db      	ldr	r3, [r3, #12]
10001eea:	6023      	str	r3, [r4, #0]
10001eec:	186b      	adds	r3, r5, r1
10001eee:	4d18      	ldr	r5, [pc, #96]	@ (10001f50 <pio_sm_init+0x94>)
10001ef0:	00db      	lsls	r3, r3, #3
10001ef2:	46ac      	mov	ip, r5
10001ef4:	2580      	movs	r5, #128	@ 0x80
10001ef6:	18c4      	adds	r4, r0, r3
10001ef8:	4464      	add	r4, ip
10001efa:	062d      	lsls	r5, r5, #24
10001efc:	6025      	str	r5, [r4, #0]
10001efe:	6025      	str	r5, [r4, #0]
10001f00:	4c14      	ldr	r4, [pc, #80]	@ (10001f54 <pio_sm_init+0x98>)
10001f02:	1d0d      	adds	r5, r1, #4
10001f04:	408c      	lsls	r4, r1
10001f06:	6084      	str	r4, [r0, #8]
10001f08:	2401      	movs	r4, #1
10001f0a:	0026      	movs	r6, r4
10001f0c:	40ae      	lsls	r6, r5
10001f0e:	2580      	movs	r5, #128	@ 0x80
10001f10:	3108      	adds	r1, #8
10001f12:	408c      	lsls	r4, r1
10001f14:	211f      	movs	r1, #31
10001f16:	01ad      	lsls	r5, r5, #6
10001f18:	1945      	adds	r5, r0, r5
10001f1a:	18c0      	adds	r0, r0, r3
10001f1c:	400a      	ands	r2, r1
10001f1e:	30d8      	adds	r0, #216	@ 0xd8
10001f20:	602e      	str	r6, [r5, #0]
10001f22:	602c      	str	r4, [r5, #0]
10001f24:	6002      	str	r2, [r0, #0]
10001f26:	2000      	movs	r0, #0
10001f28:	bdf0      	pop	{r4, r5, r6, r7, pc}
10001f2a:	004d      	lsls	r5, r1, #1
10001f2c:	186c      	adds	r4, r5, r1
10001f2e:	00e4      	lsls	r4, r4, #3
10001f30:	1904      	adds	r4, r0, r4
10001f32:	0026      	movs	r6, r4
10001f34:	2780      	movs	r7, #128	@ 0x80
10001f36:	36c8      	adds	r6, #200	@ 0xc8
10001f38:	027f      	lsls	r7, r7, #9
10001f3a:	6037      	str	r7, [r6, #0]
10001f3c:	27c0      	movs	r7, #192	@ 0xc0
10001f3e:	033f      	lsls	r7, r7, #12
10001f40:	60b7      	str	r7, [r6, #8]
10001f42:	27f8      	movs	r7, #248	@ 0xf8
10001f44:	3604      	adds	r6, #4
10001f46:	027f      	lsls	r7, r7, #9
10001f48:	34dc      	adds	r4, #220	@ 0xdc
10001f4a:	6037      	str	r7, [r6, #0]
10001f4c:	6023      	str	r3, [r4, #0]
10001f4e:	e7cd      	b.n	10001eec <pio_sm_init+0x30>
10001f50:	000010d0 	.word	0x000010d0
10001f54:	01010101 	.word	0x01010101

10001f58 <malloc>:
10001f58:	b510      	push	{r4, lr}
10001f5a:	4b03      	ldr	r3, [pc, #12]	@ (10001f68 <malloc+0x10>)
10001f5c:	0001      	movs	r1, r0
10001f5e:	6818      	ldr	r0, [r3, #0]
10001f60:	f000 f804 	bl	10001f6c <_malloc_r>
10001f64:	bd10      	pop	{r4, pc}
10001f66:	46c0      	nop			@ (mov r8, r8)
10001f68:	200005f0 	.word	0x200005f0

10001f6c <_malloc_r>:
10001f6c:	b5f0      	push	{r4, r5, r6, r7, lr}
10001f6e:	464e      	mov	r6, r9
10001f70:	4645      	mov	r5, r8
10001f72:	46de      	mov	lr, fp
10001f74:	4657      	mov	r7, sl
10001f76:	b5e0      	push	{r5, r6, r7, lr}
10001f78:	000d      	movs	r5, r1
10001f7a:	350b      	adds	r5, #11
10001f7c:	0006      	movs	r6, r0
10001f7e:	b085      	sub	sp, #20
10001f80:	2d16      	cmp	r5, #22
10001f82:	d821      	bhi.n	10001fc8 <_malloc_r+0x5c>
10001f84:	2910      	cmp	r1, #16
10001f86:	d900      	bls.n	10001f8a <_malloc_r+0x1e>
10001f88:	e0d4      	b.n	10002134 <_malloc_r+0x1c8>
10001f8a:	f000 fad5 	bl	10002538 <__malloc_lock>
10001f8e:	2510      	movs	r5, #16
10001f90:	2318      	movs	r3, #24
10001f92:	2102      	movs	r1, #2
10001f94:	4fca      	ldr	r7, [pc, #808]	@ (100022c0 <_malloc_r+0x354>)
10001f96:	18fb      	adds	r3, r7, r3
10001f98:	001a      	movs	r2, r3
10001f9a:	685c      	ldr	r4, [r3, #4]
10001f9c:	3a08      	subs	r2, #8
10001f9e:	4294      	cmp	r4, r2
10001fa0:	d100      	bne.n	10001fa4 <_malloc_r+0x38>
10001fa2:	e186      	b.n	100022b2 <_malloc_r+0x346>
10001fa4:	2203      	movs	r2, #3
10001fa6:	6863      	ldr	r3, [r4, #4]
10001fa8:	68a1      	ldr	r1, [r4, #8]
10001faa:	4393      	bics	r3, r2
10001fac:	68e2      	ldr	r2, [r4, #12]
10001fae:	60ca      	str	r2, [r1, #12]
10001fb0:	6091      	str	r1, [r2, #8]
10001fb2:	2101      	movs	r1, #1
10001fb4:	18e3      	adds	r3, r4, r3
10001fb6:	685a      	ldr	r2, [r3, #4]
10001fb8:	0030      	movs	r0, r6
10001fba:	430a      	orrs	r2, r1
10001fbc:	605a      	str	r2, [r3, #4]
10001fbe:	f000 fac3 	bl	10002548 <__malloc_unlock>
10001fc2:	0020      	movs	r0, r4
10001fc4:	3008      	adds	r0, #8
10001fc6:	e0b8      	b.n	1000213a <_malloc_r+0x1ce>
10001fc8:	2307      	movs	r3, #7
10001fca:	439d      	bics	r5, r3
10001fcc:	d500      	bpl.n	10001fd0 <_malloc_r+0x64>
10001fce:	e0b1      	b.n	10002134 <_malloc_r+0x1c8>
10001fd0:	42a9      	cmp	r1, r5
10001fd2:	d900      	bls.n	10001fd6 <_malloc_r+0x6a>
10001fd4:	e0ae      	b.n	10002134 <_malloc_r+0x1c8>
10001fd6:	f000 faaf 	bl	10002538 <__malloc_lock>
10001fda:	23fc      	movs	r3, #252	@ 0xfc
10001fdc:	005b      	lsls	r3, r3, #1
10001fde:	429d      	cmp	r5, r3
10001fe0:	d200      	bcs.n	10001fe4 <_malloc_r+0x78>
10001fe2:	e1e0      	b.n	100023a6 <_malloc_r+0x43a>
10001fe4:	0a69      	lsrs	r1, r5, #9
10001fe6:	d100      	bne.n	10001fea <_malloc_r+0x7e>
10001fe8:	e0ae      	b.n	10002148 <_malloc_r+0x1dc>
10001fea:	2904      	cmp	r1, #4
10001fec:	d900      	bls.n	10001ff0 <_malloc_r+0x84>
10001fee:	e1a1      	b.n	10002334 <_malloc_r+0x3c8>
10001ff0:	2338      	movs	r3, #56	@ 0x38
10001ff2:	4698      	mov	r8, r3
10001ff4:	09a9      	lsrs	r1, r5, #6
10001ff6:	4488      	add	r8, r1
10001ff8:	3139      	adds	r1, #57	@ 0x39
10001ffa:	00cb      	lsls	r3, r1, #3
10001ffc:	2208      	movs	r2, #8
10001ffe:	4252      	negs	r2, r2
10002000:	4694      	mov	ip, r2
10002002:	4faf      	ldr	r7, [pc, #700]	@ (100022c0 <_malloc_r+0x354>)
10002004:	18fb      	adds	r3, r7, r3
10002006:	449c      	add	ip, r3
10002008:	4663      	mov	r3, ip
1000200a:	68dc      	ldr	r4, [r3, #12]
1000200c:	45a4      	cmp	ip, r4
1000200e:	d014      	beq.n	1000203a <_malloc_r+0xce>
10002010:	2303      	movs	r3, #3
10002012:	4699      	mov	r9, r3
10002014:	000b      	movs	r3, r1
10002016:	4661      	mov	r1, ip
10002018:	469c      	mov	ip, r3
1000201a:	e007      	b.n	1000202c <_malloc_r+0xc0>
1000201c:	68e0      	ldr	r0, [r4, #12]
1000201e:	2a00      	cmp	r2, #0
10002020:	db00      	blt.n	10002024 <_malloc_r+0xb8>
10002022:	e140      	b.n	100022a6 <_malloc_r+0x33a>
10002024:	4281      	cmp	r1, r0
10002026:	d100      	bne.n	1000202a <_malloc_r+0xbe>
10002028:	e141      	b.n	100022ae <_malloc_r+0x342>
1000202a:	0004      	movs	r4, r0
1000202c:	464a      	mov	r2, r9
1000202e:	6863      	ldr	r3, [r4, #4]
10002030:	4393      	bics	r3, r2
10002032:	1b5a      	subs	r2, r3, r5
10002034:	2a0f      	cmp	r2, #15
10002036:	ddf1      	ble.n	1000201c <_malloc_r+0xb0>
10002038:	4641      	mov	r1, r8
1000203a:	003a      	movs	r2, r7
1000203c:	693c      	ldr	r4, [r7, #16]
1000203e:	3208      	adds	r2, #8
10002040:	4294      	cmp	r4, r2
10002042:	d100      	bne.n	10002046 <_malloc_r+0xda>
10002044:	e11e      	b.n	10002284 <_malloc_r+0x318>
10002046:	2003      	movs	r0, #3
10002048:	6863      	ldr	r3, [r4, #4]
1000204a:	4383      	bics	r3, r0
1000204c:	1b58      	subs	r0, r3, r5
1000204e:	280f      	cmp	r0, #15
10002050:	dd00      	ble.n	10002054 <_malloc_r+0xe8>
10002052:	e1ac      	b.n	100023ae <_malloc_r+0x442>
10002054:	613a      	str	r2, [r7, #16]
10002056:	617a      	str	r2, [r7, #20]
10002058:	2800      	cmp	r0, #0
1000205a:	daaa      	bge.n	10001fb2 <_malloc_r+0x46>
1000205c:	687a      	ldr	r2, [r7, #4]
1000205e:	4690      	mov	r8, r2
10002060:	2280      	movs	r2, #128	@ 0x80
10002062:	0092      	lsls	r2, r2, #2
10002064:	4293      	cmp	r3, r2
10002066:	d300      	bcc.n	1000206a <_malloc_r+0xfe>
10002068:	e136      	b.n	100022d8 <_malloc_r+0x36c>
1000206a:	08da      	lsrs	r2, r3, #3
1000206c:	0958      	lsrs	r0, r3, #5
1000206e:	2301      	movs	r3, #1
10002070:	4083      	lsls	r3, r0
10002072:	4640      	mov	r0, r8
10002074:	4318      	orrs	r0, r3
10002076:	4680      	mov	r8, r0
10002078:	00d3      	lsls	r3, r2, #3
1000207a:	19db      	adds	r3, r3, r7
1000207c:	689a      	ldr	r2, [r3, #8]
1000207e:	6078      	str	r0, [r7, #4]
10002080:	60e3      	str	r3, [r4, #12]
10002082:	60a2      	str	r2, [r4, #8]
10002084:	609c      	str	r4, [r3, #8]
10002086:	60d4      	str	r4, [r2, #12]
10002088:	2001      	movs	r0, #1
1000208a:	108b      	asrs	r3, r1, #2
1000208c:	4098      	lsls	r0, r3
1000208e:	4540      	cmp	r0, r8
10002090:	d862      	bhi.n	10002158 <_malloc_r+0x1ec>
10002092:	4643      	mov	r3, r8
10002094:	4203      	tst	r3, r0
10002096:	d10a      	bne.n	100020ae <_malloc_r+0x142>
10002098:	2303      	movs	r3, #3
1000209a:	4399      	bics	r1, r3
1000209c:	4643      	mov	r3, r8
1000209e:	0040      	lsls	r0, r0, #1
100020a0:	3104      	adds	r1, #4
100020a2:	4203      	tst	r3, r0
100020a4:	d103      	bne.n	100020ae <_malloc_r+0x142>
100020a6:	0040      	lsls	r0, r0, #1
100020a8:	3104      	adds	r1, #4
100020aa:	4203      	tst	r3, r0
100020ac:	d0fb      	beq.n	100020a6 <_malloc_r+0x13a>
100020ae:	2303      	movs	r3, #3
100020b0:	46b3      	mov	fp, r6
100020b2:	469c      	mov	ip, r3
100020b4:	000e      	movs	r6, r1
100020b6:	46b8      	mov	r8, r7
100020b8:	9001      	str	r0, [sp, #4]
100020ba:	00f0      	lsls	r0, r6, #3
100020bc:	4440      	add	r0, r8
100020be:	0001      	movs	r1, r0
100020c0:	46b2      	mov	sl, r6
100020c2:	68cb      	ldr	r3, [r1, #12]
100020c4:	e00b      	b.n	100020de <_malloc_r+0x172>
100020c6:	4664      	mov	r4, ip
100020c8:	685a      	ldr	r2, [r3, #4]
100020ca:	001f      	movs	r7, r3
100020cc:	43a2      	bics	r2, r4
100020ce:	68db      	ldr	r3, [r3, #12]
100020d0:	1b54      	subs	r4, r2, r5
100020d2:	2c0f      	cmp	r4, #15
100020d4:	dd00      	ble.n	100020d8 <_malloc_r+0x16c>
100020d6:	e139      	b.n	1000234c <_malloc_r+0x3e0>
100020d8:	2c00      	cmp	r4, #0
100020da:	db00      	blt.n	100020de <_malloc_r+0x172>
100020dc:	e153      	b.n	10002386 <_malloc_r+0x41a>
100020de:	4299      	cmp	r1, r3
100020e0:	d1f1      	bne.n	100020c6 <_malloc_r+0x15a>
100020e2:	2301      	movs	r3, #1
100020e4:	4699      	mov	r9, r3
100020e6:	44ca      	add	sl, r9
100020e8:	4653      	mov	r3, sl
100020ea:	3108      	adds	r1, #8
100020ec:	079b      	lsls	r3, r3, #30
100020ee:	d1e8      	bne.n	100020c2 <_malloc_r+0x156>
100020f0:	2203      	movs	r2, #3
100020f2:	e005      	b.n	10002100 <_malloc_r+0x194>
100020f4:	6803      	ldr	r3, [r0, #0]
100020f6:	3808      	subs	r0, #8
100020f8:	3e01      	subs	r6, #1
100020fa:	4283      	cmp	r3, r0
100020fc:	d000      	beq.n	10002100 <_malloc_r+0x194>
100020fe:	e213      	b.n	10002528 <_malloc_r+0x5bc>
10002100:	4232      	tst	r2, r6
10002102:	d1f7      	bne.n	100020f4 <_malloc_r+0x188>
10002104:	4643      	mov	r3, r8
10002106:	9a01      	ldr	r2, [sp, #4]
10002108:	685b      	ldr	r3, [r3, #4]
1000210a:	4393      	bics	r3, r2
1000210c:	4642      	mov	r2, r8
1000210e:	6053      	str	r3, [r2, #4]
10002110:	9a01      	ldr	r2, [sp, #4]
10002112:	0052      	lsls	r2, r2, #1
10002114:	9201      	str	r2, [sp, #4]
10002116:	429a      	cmp	r2, r3
10002118:	d81c      	bhi.n	10002154 <_malloc_r+0x1e8>
1000211a:	2a00      	cmp	r2, #0
1000211c:	d106      	bne.n	1000212c <_malloc_r+0x1c0>
1000211e:	e019      	b.n	10002154 <_malloc_r+0x1e8>
10002120:	2204      	movs	r2, #4
10002122:	4691      	mov	r9, r2
10002124:	9a01      	ldr	r2, [sp, #4]
10002126:	44ca      	add	sl, r9
10002128:	0052      	lsls	r2, r2, #1
1000212a:	9201      	str	r2, [sp, #4]
1000212c:	4213      	tst	r3, r2
1000212e:	d0f7      	beq.n	10002120 <_malloc_r+0x1b4>
10002130:	4656      	mov	r6, sl
10002132:	e7c2      	b.n	100020ba <_malloc_r+0x14e>
10002134:	230c      	movs	r3, #12
10002136:	6033      	str	r3, [r6, #0]
10002138:	2000      	movs	r0, #0
1000213a:	b005      	add	sp, #20
1000213c:	bcf0      	pop	{r4, r5, r6, r7}
1000213e:	46bb      	mov	fp, r7
10002140:	46b2      	mov	sl, r6
10002142:	46a9      	mov	r9, r5
10002144:	46a0      	mov	r8, r4
10002146:	bdf0      	pop	{r4, r5, r6, r7, pc}
10002148:	2380      	movs	r3, #128	@ 0x80
1000214a:	223f      	movs	r2, #63	@ 0x3f
1000214c:	2140      	movs	r1, #64	@ 0x40
1000214e:	4690      	mov	r8, r2
10002150:	009b      	lsls	r3, r3, #2
10002152:	e753      	b.n	10001ffc <_malloc_r+0x90>
10002154:	465e      	mov	r6, fp
10002156:	4647      	mov	r7, r8
10002158:	2203      	movs	r2, #3
1000215a:	68bc      	ldr	r4, [r7, #8]
1000215c:	6863      	ldr	r3, [r4, #4]
1000215e:	4393      	bics	r3, r2
10002160:	4698      	mov	r8, r3
10002162:	42ab      	cmp	r3, r5
10002164:	d303      	bcc.n	1000216e <_malloc_r+0x202>
10002166:	1b5b      	subs	r3, r3, r5
10002168:	2b0f      	cmp	r3, #15
1000216a:	dd00      	ble.n	1000216e <_malloc_r+0x202>
1000216c:	e08d      	b.n	1000228a <_malloc_r+0x31e>
1000216e:	0023      	movs	r3, r4
10002170:	4443      	add	r3, r8
10002172:	9302      	str	r3, [sp, #8]
10002174:	4b53      	ldr	r3, [pc, #332]	@ (100022c4 <_malloc_r+0x358>)
10002176:	2008      	movs	r0, #8
10002178:	681b      	ldr	r3, [r3, #0]
1000217a:	3310      	adds	r3, #16
1000217c:	195b      	adds	r3, r3, r5
1000217e:	9301      	str	r3, [sp, #4]
10002180:	f000 fa02 	bl	10002588 <sysconf>
10002184:	4950      	ldr	r1, [pc, #320]	@ (100022c8 <_malloc_r+0x35c>)
10002186:	9003      	str	r0, [sp, #12]
10002188:	680b      	ldr	r3, [r1, #0]
1000218a:	468a      	mov	sl, r1
1000218c:	3301      	adds	r3, #1
1000218e:	d006      	beq.n	1000219e <_malloc_r+0x232>
10002190:	4684      	mov	ip, r0
10002192:	9b01      	ldr	r3, [sp, #4]
10002194:	4242      	negs	r2, r0
10002196:	3b01      	subs	r3, #1
10002198:	4463      	add	r3, ip
1000219a:	4013      	ands	r3, r2
1000219c:	9301      	str	r3, [sp, #4]
1000219e:	0030      	movs	r0, r6
100021a0:	9901      	ldr	r1, [sp, #4]
100021a2:	f000 f9d9 	bl	10002558 <_sbrk_r>
100021a6:	0003      	movs	r3, r0
100021a8:	4681      	mov	r9, r0
100021aa:	3301      	adds	r3, #1
100021ac:	d100      	bne.n	100021b0 <_malloc_r+0x244>
100021ae:	e11c      	b.n	100023ea <_malloc_r+0x47e>
100021b0:	9b02      	ldr	r3, [sp, #8]
100021b2:	4283      	cmp	r3, r0
100021b4:	d900      	bls.n	100021b8 <_malloc_r+0x24c>
100021b6:	e116      	b.n	100023e6 <_malloc_r+0x47a>
100021b8:	4b44      	ldr	r3, [pc, #272]	@ (100022cc <_malloc_r+0x360>)
100021ba:	9802      	ldr	r0, [sp, #8]
100021bc:	469b      	mov	fp, r3
100021be:	681a      	ldr	r2, [r3, #0]
100021c0:	9b01      	ldr	r3, [sp, #4]
100021c2:	4659      	mov	r1, fp
100021c4:	469c      	mov	ip, r3
100021c6:	4462      	add	r2, ip
100021c8:	600a      	str	r2, [r1, #0]
100021ca:	9903      	ldr	r1, [sp, #12]
100021cc:	3901      	subs	r1, #1
100021ce:	4548      	cmp	r0, r9
100021d0:	d100      	bne.n	100021d4 <_malloc_r+0x268>
100021d2:	e157      	b.n	10002484 <_malloc_r+0x518>
100021d4:	4653      	mov	r3, sl
100021d6:	681b      	ldr	r3, [r3, #0]
100021d8:	3301      	adds	r3, #1
100021da:	d100      	bne.n	100021de <_malloc_r+0x272>
100021dc:	e15e      	b.n	1000249c <_malloc_r+0x530>
100021de:	464b      	mov	r3, r9
100021e0:	9802      	ldr	r0, [sp, #8]
100021e2:	1a1b      	subs	r3, r3, r0
100021e4:	189b      	adds	r3, r3, r2
100021e6:	465a      	mov	r2, fp
100021e8:	6013      	str	r3, [r2, #0]
100021ea:	2307      	movs	r3, #7
100021ec:	464a      	mov	r2, r9
100021ee:	4648      	mov	r0, r9
100021f0:	401a      	ands	r2, r3
100021f2:	9202      	str	r2, [sp, #8]
100021f4:	4218      	tst	r0, r3
100021f6:	d100      	bne.n	100021fa <_malloc_r+0x28e>
100021f8:	e115      	b.n	10002426 <_malloc_r+0x4ba>
100021fa:	9803      	ldr	r0, [sp, #12]
100021fc:	3301      	adds	r3, #1
100021fe:	4684      	mov	ip, r0
10002200:	1a9b      	subs	r3, r3, r2
10002202:	9a01      	ldr	r2, [sp, #4]
10002204:	4499      	add	r9, r3
10002206:	444a      	add	r2, r9
10002208:	9201      	str	r2, [sp, #4]
1000220a:	4463      	add	r3, ip
1000220c:	400a      	ands	r2, r1
1000220e:	1a9b      	subs	r3, r3, r2
10002210:	4019      	ands	r1, r3
10002212:	0030      	movs	r0, r6
10002214:	468a      	mov	sl, r1
10002216:	f000 f99f 	bl	10002558 <_sbrk_r>
1000221a:	1c43      	adds	r3, r0, #1
1000221c:	d100      	bne.n	10002220 <_malloc_r+0x2b4>
1000221e:	e158      	b.n	100024d2 <_malloc_r+0x566>
10002220:	464b      	mov	r3, r9
10002222:	1ac0      	subs	r0, r0, r3
10002224:	0003      	movs	r3, r0
10002226:	4453      	add	r3, sl
10002228:	9301      	str	r3, [sp, #4]
1000222a:	465b      	mov	r3, fp
1000222c:	681a      	ldr	r2, [r3, #0]
1000222e:	2001      	movs	r0, #1
10002230:	4452      	add	r2, sl
10002232:	601a      	str	r2, [r3, #0]
10002234:	464b      	mov	r3, r9
10002236:	4649      	mov	r1, r9
10002238:	60bb      	str	r3, [r7, #8]
1000223a:	9b01      	ldr	r3, [sp, #4]
1000223c:	4303      	orrs	r3, r0
1000223e:	604b      	str	r3, [r1, #4]
10002240:	42bc      	cmp	r4, r7
10002242:	d013      	beq.n	1000226c <_malloc_r+0x300>
10002244:	4643      	mov	r3, r8
10002246:	2b0f      	cmp	r3, #15
10002248:	d800      	bhi.n	1000224c <_malloc_r+0x2e0>
1000224a:	e12b      	b.n	100024a4 <_malloc_r+0x538>
1000224c:	2107      	movs	r1, #7
1000224e:	3b0c      	subs	r3, #12
10002250:	438b      	bics	r3, r1
10002252:	6861      	ldr	r1, [r4, #4]
10002254:	4001      	ands	r1, r0
10002256:	2005      	movs	r0, #5
10002258:	4319      	orrs	r1, r3
1000225a:	6061      	str	r1, [r4, #4]
1000225c:	18e1      	adds	r1, r4, r3
1000225e:	6048      	str	r0, [r1, #4]
10002260:	6088      	str	r0, [r1, #8]
10002262:	2b0f      	cmp	r3, #15
10002264:	d900      	bls.n	10002268 <_malloc_r+0x2fc>
10002266:	e13f      	b.n	100024e8 <_malloc_r+0x57c>
10002268:	464b      	mov	r3, r9
1000226a:	685b      	ldr	r3, [r3, #4]
1000226c:	4918      	ldr	r1, [pc, #96]	@ (100022d0 <_malloc_r+0x364>)
1000226e:	6808      	ldr	r0, [r1, #0]
10002270:	4290      	cmp	r0, r2
10002272:	d200      	bcs.n	10002276 <_malloc_r+0x30a>
10002274:	600a      	str	r2, [r1, #0]
10002276:	4917      	ldr	r1, [pc, #92]	@ (100022d4 <_malloc_r+0x368>)
10002278:	6808      	ldr	r0, [r1, #0]
1000227a:	4290      	cmp	r0, r2
1000227c:	d200      	bcs.n	10002280 <_malloc_r+0x314>
1000227e:	600a      	str	r2, [r1, #0]
10002280:	464c      	mov	r4, r9
10002282:	e0b4      	b.n	100023ee <_malloc_r+0x482>
10002284:	687b      	ldr	r3, [r7, #4]
10002286:	4698      	mov	r8, r3
10002288:	e6fe      	b.n	10002088 <_malloc_r+0x11c>
1000228a:	2201      	movs	r2, #1
1000228c:	0029      	movs	r1, r5
1000228e:	4313      	orrs	r3, r2
10002290:	4311      	orrs	r1, r2
10002292:	1965      	adds	r5, r4, r5
10002294:	6061      	str	r1, [r4, #4]
10002296:	0030      	movs	r0, r6
10002298:	60bd      	str	r5, [r7, #8]
1000229a:	606b      	str	r3, [r5, #4]
1000229c:	f000 f954 	bl	10002548 <__malloc_unlock>
100022a0:	0020      	movs	r0, r4
100022a2:	3008      	adds	r0, #8
100022a4:	e749      	b.n	1000213a <_malloc_r+0x1ce>
100022a6:	68a2      	ldr	r2, [r4, #8]
100022a8:	60d0      	str	r0, [r2, #12]
100022aa:	6082      	str	r2, [r0, #8]
100022ac:	e681      	b.n	10001fb2 <_malloc_r+0x46>
100022ae:	4661      	mov	r1, ip
100022b0:	e6c3      	b.n	1000203a <_malloc_r+0xce>
100022b2:	68dc      	ldr	r4, [r3, #12]
100022b4:	3102      	adds	r1, #2
100022b6:	42a3      	cmp	r3, r4
100022b8:	d100      	bne.n	100022bc <_malloc_r+0x350>
100022ba:	e6be      	b.n	1000203a <_malloc_r+0xce>
100022bc:	e672      	b.n	10001fa4 <_malloc_r+0x38>
100022be:	46c0      	nop			@ (mov r8, r8)
100022c0:	200001e8 	.word	0x200001e8
100022c4:	20000bc4 	.word	0x20000bc4
100022c8:	200001e0 	.word	0x200001e0
100022cc:	20000b94 	.word	0x20000b94
100022d0:	20000bbc 	.word	0x20000bbc
100022d4:	20000bc0 	.word	0x20000bc0
100022d8:	0a5a      	lsrs	r2, r3, #9
100022da:	2a04      	cmp	r2, #4
100022dc:	d97c      	bls.n	100023d8 <_malloc_r+0x46c>
100022de:	2a14      	cmp	r2, #20
100022e0:	d900      	bls.n	100022e4 <_malloc_r+0x378>
100022e2:	e0b0      	b.n	10002446 <_malloc_r+0x4da>
100022e4:	0010      	movs	r0, r2
100022e6:	305b      	adds	r0, #91	@ 0x5b
100022e8:	4682      	mov	sl, r0
100022ea:	325c      	adds	r2, #92	@ 0x5c
100022ec:	00d2      	lsls	r2, r2, #3
100022ee:	2008      	movs	r0, #8
100022f0:	4240      	negs	r0, r0
100022f2:	4684      	mov	ip, r0
100022f4:	18ba      	adds	r2, r7, r2
100022f6:	4494      	add	ip, r2
100022f8:	4662      	mov	r2, ip
100022fa:	6892      	ldr	r2, [r2, #8]
100022fc:	300b      	adds	r0, #11
100022fe:	4681      	mov	r9, r0
10002300:	4594      	cmp	ip, r2
10002302:	d100      	bne.n	10002306 <_malloc_r+0x39a>
10002304:	e086      	b.n	10002414 <_malloc_r+0x4a8>
10002306:	0008      	movs	r0, r1
10002308:	46a2      	mov	sl, r4
1000230a:	4661      	mov	r1, ip
1000230c:	4684      	mov	ip, r0
1000230e:	e002      	b.n	10002316 <_malloc_r+0x3aa>
10002310:	6892      	ldr	r2, [r2, #8]
10002312:	4291      	cmp	r1, r2
10002314:	d004      	beq.n	10002320 <_malloc_r+0x3b4>
10002316:	464c      	mov	r4, r9
10002318:	6850      	ldr	r0, [r2, #4]
1000231a:	43a0      	bics	r0, r4
1000231c:	4298      	cmp	r0, r3
1000231e:	d8f7      	bhi.n	10002310 <_malloc_r+0x3a4>
10002320:	68d3      	ldr	r3, [r2, #12]
10002322:	4661      	mov	r1, ip
10002324:	4654      	mov	r4, sl
10002326:	469c      	mov	ip, r3
10002328:	4663      	mov	r3, ip
1000232a:	60a2      	str	r2, [r4, #8]
1000232c:	60e3      	str	r3, [r4, #12]
1000232e:	609c      	str	r4, [r3, #8]
10002330:	60d4      	str	r4, [r2, #12]
10002332:	e6a9      	b.n	10002088 <_malloc_r+0x11c>
10002334:	2914      	cmp	r1, #20
10002336:	d967      	bls.n	10002408 <_malloc_r+0x49c>
10002338:	2954      	cmp	r1, #84	@ 0x54
1000233a:	d900      	bls.n	1000233e <_malloc_r+0x3d2>
1000233c:	e08c      	b.n	10002458 <_malloc_r+0x4ec>
1000233e:	236e      	movs	r3, #110	@ 0x6e
10002340:	4698      	mov	r8, r3
10002342:	0b29      	lsrs	r1, r5, #12
10002344:	4488      	add	r8, r1
10002346:	316f      	adds	r1, #111	@ 0x6f
10002348:	00cb      	lsls	r3, r1, #3
1000234a:	e657      	b.n	10001ffc <_malloc_r+0x90>
1000234c:	46ba      	mov	sl, r7
1000234e:	2001      	movs	r0, #1
10002350:	4651      	mov	r1, sl
10002352:	4684      	mov	ip, r0
10002354:	1949      	adds	r1, r1, r5
10002356:	4305      	orrs	r5, r0
10002358:	4650      	mov	r0, sl
1000235a:	6045      	str	r5, [r0, #4]
1000235c:	6885      	ldr	r5, [r0, #8]
1000235e:	4647      	mov	r7, r8
10002360:	4660      	mov	r0, ip
10002362:	60eb      	str	r3, [r5, #12]
10002364:	465e      	mov	r6, fp
10002366:	609d      	str	r5, [r3, #8]
10002368:	4653      	mov	r3, sl
1000236a:	6139      	str	r1, [r7, #16]
1000236c:	6179      	str	r1, [r7, #20]
1000236e:	4320      	orrs	r0, r4
10002370:	3708      	adds	r7, #8
10002372:	6048      	str	r0, [r1, #4]
10002374:	60cf      	str	r7, [r1, #12]
10002376:	0030      	movs	r0, r6
10002378:	608f      	str	r7, [r1, #8]
1000237a:	509c      	str	r4, [r3, r2]
1000237c:	f000 f8e4 	bl	10002548 <__malloc_unlock>
10002380:	4650      	mov	r0, sl
10002382:	3008      	adds	r0, #8
10002384:	e6d9      	b.n	1000213a <_malloc_r+0x1ce>
10002386:	46ba      	mov	sl, r7
10002388:	2001      	movs	r0, #1
1000238a:	465e      	mov	r6, fp
1000238c:	4452      	add	r2, sl
1000238e:	6851      	ldr	r1, [r2, #4]
10002390:	4301      	orrs	r1, r0
10002392:	6051      	str	r1, [r2, #4]
10002394:	68ba      	ldr	r2, [r7, #8]
10002396:	0030      	movs	r0, r6
10002398:	60d3      	str	r3, [r2, #12]
1000239a:	609a      	str	r2, [r3, #8]
1000239c:	f000 f8d4 	bl	10002548 <__malloc_unlock>
100023a0:	0038      	movs	r0, r7
100023a2:	3008      	adds	r0, #8
100023a4:	e6c9      	b.n	1000213a <_malloc_r+0x1ce>
100023a6:	002b      	movs	r3, r5
100023a8:	08e9      	lsrs	r1, r5, #3
100023aa:	3308      	adds	r3, #8
100023ac:	e5f2      	b.n	10001f94 <_malloc_r+0x28>
100023ae:	1961      	adds	r1, r4, r5
100023b0:	4688      	mov	r8, r1
100023b2:	2101      	movs	r1, #1
100023b4:	468c      	mov	ip, r1
100023b6:	430d      	orrs	r5, r1
100023b8:	4641      	mov	r1, r8
100023ba:	6065      	str	r5, [r4, #4]
100023bc:	6139      	str	r1, [r7, #16]
100023be:	6179      	str	r1, [r7, #20]
100023c0:	60ca      	str	r2, [r1, #12]
100023c2:	608a      	str	r2, [r1, #8]
100023c4:	4662      	mov	r2, ip
100023c6:	4302      	orrs	r2, r0
100023c8:	604a      	str	r2, [r1, #4]
100023ca:	50e0      	str	r0, [r4, r3]
100023cc:	0030      	movs	r0, r6
100023ce:	f000 f8bb 	bl	10002548 <__malloc_unlock>
100023d2:	0020      	movs	r0, r4
100023d4:	3008      	adds	r0, #8
100023d6:	e6b0      	b.n	1000213a <_malloc_r+0x1ce>
100023d8:	099a      	lsrs	r2, r3, #6
100023da:	0010      	movs	r0, r2
100023dc:	3239      	adds	r2, #57	@ 0x39
100023de:	3038      	adds	r0, #56	@ 0x38
100023e0:	4682      	mov	sl, r0
100023e2:	00d2      	lsls	r2, r2, #3
100023e4:	e783      	b.n	100022ee <_malloc_r+0x382>
100023e6:	42bc      	cmp	r4, r7
100023e8:	d041      	beq.n	1000246e <_malloc_r+0x502>
100023ea:	68bc      	ldr	r4, [r7, #8]
100023ec:	6863      	ldr	r3, [r4, #4]
100023ee:	2203      	movs	r2, #3
100023f0:	4393      	bics	r3, r2
100023f2:	001a      	movs	r2, r3
100023f4:	1b5b      	subs	r3, r3, r5
100023f6:	42aa      	cmp	r2, r5
100023f8:	d302      	bcc.n	10002400 <_malloc_r+0x494>
100023fa:	2b0f      	cmp	r3, #15
100023fc:	dd00      	ble.n	10002400 <_malloc_r+0x494>
100023fe:	e744      	b.n	1000228a <_malloc_r+0x31e>
10002400:	0030      	movs	r0, r6
10002402:	f000 f8a1 	bl	10002548 <__malloc_unlock>
10002406:	e697      	b.n	10002138 <_malloc_r+0x1cc>
10002408:	235b      	movs	r3, #91	@ 0x5b
1000240a:	4698      	mov	r8, r3
1000240c:	4488      	add	r8, r1
1000240e:	315c      	adds	r1, #92	@ 0x5c
10002410:	00cb      	lsls	r3, r1, #3
10002412:	e5f3      	b.n	10001ffc <_malloc_r+0x90>
10002414:	4653      	mov	r3, sl
10002416:	1098      	asrs	r0, r3, #2
10002418:	2301      	movs	r3, #1
1000241a:	4083      	lsls	r3, r0
1000241c:	4640      	mov	r0, r8
1000241e:	4318      	orrs	r0, r3
10002420:	4680      	mov	r8, r0
10002422:	6078      	str	r0, [r7, #4]
10002424:	e780      	b.n	10002328 <_malloc_r+0x3bc>
10002426:	9b01      	ldr	r3, [sp, #4]
10002428:	9a03      	ldr	r2, [sp, #12]
1000242a:	444b      	add	r3, r9
1000242c:	400b      	ands	r3, r1
1000242e:	1ad3      	subs	r3, r2, r3
10002430:	4019      	ands	r1, r3
10002432:	0030      	movs	r0, r6
10002434:	468a      	mov	sl, r1
10002436:	f000 f88f 	bl	10002558 <_sbrk_r>
1000243a:	1c43      	adds	r3, r0, #1
1000243c:	d000      	beq.n	10002440 <_malloc_r+0x4d4>
1000243e:	e6ef      	b.n	10002220 <_malloc_r+0x2b4>
10002440:	2300      	movs	r3, #0
10002442:	469a      	mov	sl, r3
10002444:	e6f1      	b.n	1000222a <_malloc_r+0x2be>
10002446:	2a54      	cmp	r2, #84	@ 0x54
10002448:	d82e      	bhi.n	100024a8 <_malloc_r+0x53c>
1000244a:	0b1a      	lsrs	r2, r3, #12
1000244c:	0010      	movs	r0, r2
1000244e:	326f      	adds	r2, #111	@ 0x6f
10002450:	306e      	adds	r0, #110	@ 0x6e
10002452:	4682      	mov	sl, r0
10002454:	00d2      	lsls	r2, r2, #3
10002456:	e74a      	b.n	100022ee <_malloc_r+0x382>
10002458:	23aa      	movs	r3, #170	@ 0xaa
1000245a:	005b      	lsls	r3, r3, #1
1000245c:	4299      	cmp	r1, r3
1000245e:	d82e      	bhi.n	100024be <_malloc_r+0x552>
10002460:	3bdd      	subs	r3, #221	@ 0xdd
10002462:	4698      	mov	r8, r3
10002464:	0be9      	lsrs	r1, r5, #15
10002466:	4488      	add	r8, r1
10002468:	3178      	adds	r1, #120	@ 0x78
1000246a:	00cb      	lsls	r3, r1, #3
1000246c:	e5c6      	b.n	10001ffc <_malloc_r+0x90>
1000246e:	4b30      	ldr	r3, [pc, #192]	@ (10002530 <_malloc_r+0x5c4>)
10002470:	469b      	mov	fp, r3
10002472:	681a      	ldr	r2, [r3, #0]
10002474:	9b01      	ldr	r3, [sp, #4]
10002476:	469c      	mov	ip, r3
10002478:	465b      	mov	r3, fp
1000247a:	4462      	add	r2, ip
1000247c:	601a      	str	r2, [r3, #0]
1000247e:	9b03      	ldr	r3, [sp, #12]
10002480:	1e59      	subs	r1, r3, #1
10002482:	e6a7      	b.n	100021d4 <_malloc_r+0x268>
10002484:	4648      	mov	r0, r9
10002486:	4208      	tst	r0, r1
10002488:	d000      	beq.n	1000248c <_malloc_r+0x520>
1000248a:	e6a3      	b.n	100021d4 <_malloc_r+0x268>
1000248c:	68b9      	ldr	r1, [r7, #8]
1000248e:	4443      	add	r3, r8
10002490:	4689      	mov	r9, r1
10002492:	2101      	movs	r1, #1
10002494:	430b      	orrs	r3, r1
10002496:	4649      	mov	r1, r9
10002498:	604b      	str	r3, [r1, #4]
1000249a:	e6e7      	b.n	1000226c <_malloc_r+0x300>
1000249c:	4653      	mov	r3, sl
1000249e:	464a      	mov	r2, r9
100024a0:	601a      	str	r2, [r3, #0]
100024a2:	e6a2      	b.n	100021ea <_malloc_r+0x27e>
100024a4:	6048      	str	r0, [r1, #4]
100024a6:	e7ab      	b.n	10002400 <_malloc_r+0x494>
100024a8:	20aa      	movs	r0, #170	@ 0xaa
100024aa:	0040      	lsls	r0, r0, #1
100024ac:	4282      	cmp	r2, r0
100024ae:	d826      	bhi.n	100024fe <_malloc_r+0x592>
100024b0:	0bda      	lsrs	r2, r3, #15
100024b2:	0010      	movs	r0, r2
100024b4:	3278      	adds	r2, #120	@ 0x78
100024b6:	3077      	adds	r0, #119	@ 0x77
100024b8:	4682      	mov	sl, r0
100024ba:	00d2      	lsls	r2, r2, #3
100024bc:	e717      	b.n	100022ee <_malloc_r+0x382>
100024be:	4b1d      	ldr	r3, [pc, #116]	@ (10002534 <_malloc_r+0x5c8>)
100024c0:	4299      	cmp	r1, r3
100024c2:	d826      	bhi.n	10002512 <_malloc_r+0x5a6>
100024c4:	237c      	movs	r3, #124	@ 0x7c
100024c6:	4698      	mov	r8, r3
100024c8:	0ca9      	lsrs	r1, r5, #18
100024ca:	4488      	add	r8, r1
100024cc:	317d      	adds	r1, #125	@ 0x7d
100024ce:	00cb      	lsls	r3, r1, #3
100024d0:	e594      	b.n	10001ffc <_malloc_r+0x90>
100024d2:	9a01      	ldr	r2, [sp, #4]
100024d4:	9b02      	ldr	r3, [sp, #8]
100024d6:	4694      	mov	ip, r2
100024d8:	464a      	mov	r2, r9
100024da:	3b08      	subs	r3, #8
100024dc:	4463      	add	r3, ip
100024de:	1a9b      	subs	r3, r3, r2
100024e0:	9301      	str	r3, [sp, #4]
100024e2:	2300      	movs	r3, #0
100024e4:	469a      	mov	sl, r3
100024e6:	e6a0      	b.n	1000222a <_malloc_r+0x2be>
100024e8:	0021      	movs	r1, r4
100024ea:	0030      	movs	r0, r6
100024ec:	3108      	adds	r1, #8
100024ee:	f000 f8e5 	bl	100026bc <_free_r>
100024f2:	465b      	mov	r3, fp
100024f4:	681a      	ldr	r2, [r3, #0]
100024f6:	68bb      	ldr	r3, [r7, #8]
100024f8:	4699      	mov	r9, r3
100024fa:	685b      	ldr	r3, [r3, #4]
100024fc:	e6b6      	b.n	1000226c <_malloc_r+0x300>
100024fe:	480d      	ldr	r0, [pc, #52]	@ (10002534 <_malloc_r+0x5c8>)
10002500:	4282      	cmp	r2, r0
10002502:	d80c      	bhi.n	1000251e <_malloc_r+0x5b2>
10002504:	0c9a      	lsrs	r2, r3, #18
10002506:	0010      	movs	r0, r2
10002508:	327d      	adds	r2, #125	@ 0x7d
1000250a:	307c      	adds	r0, #124	@ 0x7c
1000250c:	4682      	mov	sl, r0
1000250e:	00d2      	lsls	r2, r2, #3
10002510:	e6ed      	b.n	100022ee <_malloc_r+0x382>
10002512:	23fe      	movs	r3, #254	@ 0xfe
10002514:	227e      	movs	r2, #126	@ 0x7e
10002516:	217f      	movs	r1, #127	@ 0x7f
10002518:	4690      	mov	r8, r2
1000251a:	009b      	lsls	r3, r3, #2
1000251c:	e56e      	b.n	10001ffc <_malloc_r+0x90>
1000251e:	22fe      	movs	r2, #254	@ 0xfe
10002520:	207e      	movs	r0, #126	@ 0x7e
10002522:	0092      	lsls	r2, r2, #2
10002524:	4682      	mov	sl, r0
10002526:	e6e2      	b.n	100022ee <_malloc_r+0x382>
10002528:	4643      	mov	r3, r8
1000252a:	685b      	ldr	r3, [r3, #4]
1000252c:	e5f0      	b.n	10002110 <_malloc_r+0x1a4>
1000252e:	46c0      	nop			@ (mov r8, r8)
10002530:	20000b94 	.word	0x20000b94
10002534:	00000554 	.word	0x00000554

10002538 <__malloc_lock>:
10002538:	b510      	push	{r4, lr}
1000253a:	4802      	ldr	r0, [pc, #8]	@ (10002544 <__malloc_lock+0xc>)
1000253c:	f000 f832 	bl	100025a4 <__retarget_lock_acquire_recursive>
10002540:	bd10      	pop	{r4, pc}
10002542:	46c0      	nop			@ (mov r8, r8)
10002544:	20000b90 	.word	0x20000b90

10002548 <__malloc_unlock>:
10002548:	b510      	push	{r4, lr}
1000254a:	4802      	ldr	r0, [pc, #8]	@ (10002554 <__malloc_unlock+0xc>)
1000254c:	f000 f82c 	bl	100025a8 <__retarget_lock_release_recursive>
10002550:	bd10      	pop	{r4, pc}
10002552:	46c0      	nop			@ (mov r8, r8)
10002554:	20000b90 	.word	0x20000b90

10002558 <_sbrk_r>:
10002558:	2300      	movs	r3, #0
1000255a:	b570      	push	{r4, r5, r6, lr}
1000255c:	4c06      	ldr	r4, [pc, #24]	@ (10002578 <_sbrk_r+0x20>)
1000255e:	0005      	movs	r5, r0
10002560:	0008      	movs	r0, r1
10002562:	6023      	str	r3, [r4, #0]
10002564:	f7ff faa4 	bl	10001ab0 <_sbrk>
10002568:	1c43      	adds	r3, r0, #1
1000256a:	d000      	beq.n	1000256e <_sbrk_r+0x16>
1000256c:	bd70      	pop	{r4, r5, r6, pc}
1000256e:	6823      	ldr	r3, [r4, #0]
10002570:	2b00      	cmp	r3, #0
10002572:	d0fb      	beq.n	1000256c <_sbrk_r+0x14>
10002574:	602b      	str	r3, [r5, #0]
10002576:	e7f9      	b.n	1000256c <_sbrk_r+0x14>
10002578:	20000d38 	.word	0x20000d38

1000257c <__errno>:
1000257c:	4b01      	ldr	r3, [pc, #4]	@ (10002584 <__errno+0x8>)
1000257e:	6818      	ldr	r0, [r3, #0]
10002580:	4770      	bx	lr
10002582:	46c0      	nop			@ (mov r8, r8)
10002584:	200005f0 	.word	0x200005f0

10002588 <sysconf>:
10002588:	2380      	movs	r3, #128	@ 0x80
1000258a:	b510      	push	{r4, lr}
1000258c:	015b      	lsls	r3, r3, #5
1000258e:	2808      	cmp	r0, #8
10002590:	d101      	bne.n	10002596 <sysconf+0xe>
10002592:	0018      	movs	r0, r3
10002594:	bd10      	pop	{r4, pc}
10002596:	f7ff fff1 	bl	1000257c <__errno>
1000259a:	2316      	movs	r3, #22
1000259c:	6003      	str	r3, [r0, #0]
1000259e:	3b17      	subs	r3, #23
100025a0:	e7f7      	b.n	10002592 <sysconf+0xa>
100025a2:	46c0      	nop			@ (mov r8, r8)

100025a4 <__retarget_lock_acquire_recursive>:
100025a4:	4770      	bx	lr
100025a6:	46c0      	nop			@ (mov r8, r8)

100025a8 <__retarget_lock_release_recursive>:
100025a8:	4770      	bx	lr
100025aa:	46c0      	nop			@ (mov r8, r8)

100025ac <strlen>:
100025ac:	b510      	push	{r4, lr}
100025ae:	0783      	lsls	r3, r0, #30
100025b0:	d00a      	beq.n	100025c8 <strlen+0x1c>
100025b2:	0003      	movs	r3, r0
100025b4:	2103      	movs	r1, #3
100025b6:	e002      	b.n	100025be <strlen+0x12>
100025b8:	3301      	adds	r3, #1
100025ba:	420b      	tst	r3, r1
100025bc:	d005      	beq.n	100025ca <strlen+0x1e>
100025be:	781a      	ldrb	r2, [r3, #0]
100025c0:	2a00      	cmp	r2, #0
100025c2:	d1f9      	bne.n	100025b8 <strlen+0xc>
100025c4:	1a18      	subs	r0, r3, r0
100025c6:	bd10      	pop	{r4, pc}
100025c8:	0003      	movs	r3, r0
100025ca:	6819      	ldr	r1, [r3, #0]
100025cc:	4a0c      	ldr	r2, [pc, #48]	@ (10002600 <strlen+0x54>)
100025ce:	4c0d      	ldr	r4, [pc, #52]	@ (10002604 <strlen+0x58>)
100025d0:	188a      	adds	r2, r1, r2
100025d2:	438a      	bics	r2, r1
100025d4:	4222      	tst	r2, r4
100025d6:	d10f      	bne.n	100025f8 <strlen+0x4c>
100025d8:	6859      	ldr	r1, [r3, #4]
100025da:	4a09      	ldr	r2, [pc, #36]	@ (10002600 <strlen+0x54>)
100025dc:	3304      	adds	r3, #4
100025de:	188a      	adds	r2, r1, r2
100025e0:	438a      	bics	r2, r1
100025e2:	4222      	tst	r2, r4
100025e4:	d108      	bne.n	100025f8 <strlen+0x4c>
100025e6:	6859      	ldr	r1, [r3, #4]
100025e8:	4a05      	ldr	r2, [pc, #20]	@ (10002600 <strlen+0x54>)
100025ea:	3304      	adds	r3, #4
100025ec:	188a      	adds	r2, r1, r2
100025ee:	438a      	bics	r2, r1
100025f0:	4222      	tst	r2, r4
100025f2:	d0f1      	beq.n	100025d8 <strlen+0x2c>
100025f4:	e000      	b.n	100025f8 <strlen+0x4c>
100025f6:	3301      	adds	r3, #1
100025f8:	781a      	ldrb	r2, [r3, #0]
100025fa:	2a00      	cmp	r2, #0
100025fc:	d1fb      	bne.n	100025f6 <strlen+0x4a>
100025fe:	e7e1      	b.n	100025c4 <strlen+0x18>
10002600:	fefefeff 	.word	0xfefefeff
10002604:	80808080 	.word	0x80808080

10002608 <_malloc_trim_r>:
10002608:	b5f0      	push	{r4, r5, r6, r7, lr}
1000260a:	46c6      	mov	lr, r8
1000260c:	0006      	movs	r6, r0
1000260e:	b500      	push	{lr}
10002610:	2008      	movs	r0, #8
10002612:	000d      	movs	r5, r1
10002614:	f7ff ffb8 	bl	10002588 <sysconf>
10002618:	0004      	movs	r4, r0
1000261a:	0030      	movs	r0, r6
1000261c:	f7ff ff8c 	bl	10002538 <__malloc_lock>
10002620:	4b23      	ldr	r3, [pc, #140]	@ (100026b0 <_malloc_trim_r+0xa8>)
10002622:	0021      	movs	r1, r4
10002624:	4698      	mov	r8, r3
10002626:	689b      	ldr	r3, [r3, #8]
10002628:	685f      	ldr	r7, [r3, #4]
1000262a:	2303      	movs	r3, #3
1000262c:	439f      	bics	r7, r3
1000262e:	0038      	movs	r0, r7
10002630:	3811      	subs	r0, #17
10002632:	1b40      	subs	r0, r0, r5
10002634:	1900      	adds	r0, r0, r4
10002636:	f7ff f8cd 	bl	100017d4 <__wrap___aeabi_uidiv>
1000263a:	1e45      	subs	r5, r0, #1
1000263c:	4365      	muls	r5, r4
1000263e:	42ac      	cmp	r4, r5
10002640:	dc08      	bgt.n	10002654 <_malloc_trim_r+0x4c>
10002642:	2100      	movs	r1, #0
10002644:	0030      	movs	r0, r6
10002646:	f7ff ff87 	bl	10002558 <_sbrk_r>
1000264a:	4643      	mov	r3, r8
1000264c:	689b      	ldr	r3, [r3, #8]
1000264e:	19db      	adds	r3, r3, r7
10002650:	4298      	cmp	r0, r3
10002652:	d006      	beq.n	10002662 <_malloc_trim_r+0x5a>
10002654:	0030      	movs	r0, r6
10002656:	f7ff ff77 	bl	10002548 <__malloc_unlock>
1000265a:	2000      	movs	r0, #0
1000265c:	bc80      	pop	{r7}
1000265e:	46b8      	mov	r8, r7
10002660:	bdf0      	pop	{r4, r5, r6, r7, pc}
10002662:	0030      	movs	r0, r6
10002664:	4269      	negs	r1, r5
10002666:	f7ff ff77 	bl	10002558 <_sbrk_r>
1000266a:	3001      	adds	r0, #1
1000266c:	d00e      	beq.n	1000268c <_malloc_trim_r+0x84>
1000266e:	2201      	movs	r2, #1
10002670:	4643      	mov	r3, r8
10002672:	1b7f      	subs	r7, r7, r5
10002674:	689b      	ldr	r3, [r3, #8]
10002676:	4317      	orrs	r7, r2
10002678:	4a0e      	ldr	r2, [pc, #56]	@ (100026b4 <_malloc_trim_r+0xac>)
1000267a:	605f      	str	r7, [r3, #4]
1000267c:	6813      	ldr	r3, [r2, #0]
1000267e:	0030      	movs	r0, r6
10002680:	1b5b      	subs	r3, r3, r5
10002682:	6013      	str	r3, [r2, #0]
10002684:	f7ff ff60 	bl	10002548 <__malloc_unlock>
10002688:	2001      	movs	r0, #1
1000268a:	e7e7      	b.n	1000265c <_malloc_trim_r+0x54>
1000268c:	2100      	movs	r1, #0
1000268e:	0030      	movs	r0, r6
10002690:	f7ff ff62 	bl	10002558 <_sbrk_r>
10002694:	4643      	mov	r3, r8
10002696:	689a      	ldr	r2, [r3, #8]
10002698:	1a83      	subs	r3, r0, r2
1000269a:	2b0f      	cmp	r3, #15
1000269c:	ddda      	ble.n	10002654 <_malloc_trim_r+0x4c>
1000269e:	4c06      	ldr	r4, [pc, #24]	@ (100026b8 <_malloc_trim_r+0xb0>)
100026a0:	4904      	ldr	r1, [pc, #16]	@ (100026b4 <_malloc_trim_r+0xac>)
100026a2:	6824      	ldr	r4, [r4, #0]
100026a4:	1b00      	subs	r0, r0, r4
100026a6:	6008      	str	r0, [r1, #0]
100026a8:	2101      	movs	r1, #1
100026aa:	430b      	orrs	r3, r1
100026ac:	6053      	str	r3, [r2, #4]
100026ae:	e7d1      	b.n	10002654 <_malloc_trim_r+0x4c>
100026b0:	200001e8 	.word	0x200001e8
100026b4:	20000b94 	.word	0x20000b94
100026b8:	200001e0 	.word	0x200001e0

100026bc <_free_r>:
100026bc:	b5f0      	push	{r4, r5, r6, r7, lr}
100026be:	46d6      	mov	lr, sl
100026c0:	464f      	mov	r7, r9
100026c2:	4646      	mov	r6, r8
100026c4:	0005      	movs	r5, r0
100026c6:	000c      	movs	r4, r1
100026c8:	b5c0      	push	{r6, r7, lr}
100026ca:	2900      	cmp	r1, #0
100026cc:	d048      	beq.n	10002760 <_free_r+0xa4>
100026ce:	f7ff ff33 	bl	10002538 <__malloc_lock>
100026d2:	0021      	movs	r1, r4
100026d4:	2701      	movs	r7, #1
100026d6:	3908      	subs	r1, #8
100026d8:	684b      	ldr	r3, [r1, #4]
100026da:	2003      	movs	r0, #3
100026dc:	469c      	mov	ip, r3
100026de:	43bb      	bics	r3, r7
100026e0:	18ce      	adds	r6, r1, r3
100026e2:	6872      	ldr	r2, [r6, #4]
100026e4:	4382      	bics	r2, r0
100026e6:	4660      	mov	r0, ip
100026e8:	4038      	ands	r0, r7
100026ea:	4680      	mov	r8, r0
100026ec:	486a      	ldr	r0, [pc, #424]	@ (10002898 <_free_r+0x1dc>)
100026ee:	4691      	mov	r9, r2
100026f0:	6884      	ldr	r4, [r0, #8]
100026f2:	42b4      	cmp	r4, r6
100026f4:	d100      	bne.n	100026f8 <_free_r+0x3c>
100026f6:	e07c      	b.n	100027f2 <_free_r+0x136>
100026f8:	6072      	str	r2, [r6, #4]
100026fa:	18b4      	adds	r4, r6, r2
100026fc:	6864      	ldr	r4, [r4, #4]
100026fe:	403c      	ands	r4, r7
10002700:	46a2      	mov	sl, r4
10002702:	4644      	mov	r4, r8
10002704:	2c00      	cmp	r4, #0
10002706:	d130      	bne.n	1000276a <_free_r+0xae>
10002708:	680c      	ldr	r4, [r1, #0]
1000270a:	46a4      	mov	ip, r4
1000270c:	1b09      	subs	r1, r1, r4
1000270e:	688c      	ldr	r4, [r1, #8]
10002710:	4463      	add	r3, ip
10002712:	46a4      	mov	ip, r4
10002714:	2408      	movs	r4, #8
10002716:	46a0      	mov	r8, r4
10002718:	4480      	add	r8, r0
1000271a:	45c4      	cmp	ip, r8
1000271c:	d05c      	beq.n	100027d8 <_free_r+0x11c>
1000271e:	68cc      	ldr	r4, [r1, #12]
10002720:	46a0      	mov	r8, r4
10002722:	4664      	mov	r4, ip
10002724:	4642      	mov	r2, r8
10002726:	60e2      	str	r2, [r4, #12]
10002728:	6094      	str	r4, [r2, #8]
1000272a:	4652      	mov	r2, sl
1000272c:	2a00      	cmp	r2, #0
1000272e:	d01f      	beq.n	10002770 <_free_r+0xb4>
10002730:	431f      	orrs	r7, r3
10002732:	604f      	str	r7, [r1, #4]
10002734:	6033      	str	r3, [r6, #0]
10002736:	2280      	movs	r2, #128	@ 0x80
10002738:	0092      	lsls	r2, r2, #2
1000273a:	4293      	cmp	r3, r2
1000273c:	d230      	bcs.n	100027a0 <_free_r+0xe4>
1000273e:	08da      	lsrs	r2, r3, #3
10002740:	095c      	lsrs	r4, r3, #5
10002742:	2301      	movs	r3, #1
10002744:	40a3      	lsls	r3, r4
10002746:	6844      	ldr	r4, [r0, #4]
10002748:	4323      	orrs	r3, r4
1000274a:	6043      	str	r3, [r0, #4]
1000274c:	00d3      	lsls	r3, r2, #3
1000274e:	181b      	adds	r3, r3, r0
10002750:	689a      	ldr	r2, [r3, #8]
10002752:	60cb      	str	r3, [r1, #12]
10002754:	608a      	str	r2, [r1, #8]
10002756:	6099      	str	r1, [r3, #8]
10002758:	60d1      	str	r1, [r2, #12]
1000275a:	0028      	movs	r0, r5
1000275c:	f7ff fef4 	bl	10002548 <__malloc_unlock>
10002760:	bce0      	pop	{r5, r6, r7}
10002762:	46ba      	mov	sl, r7
10002764:	46b1      	mov	r9, r6
10002766:	46a8      	mov	r8, r5
10002768:	bdf0      	pop	{r4, r5, r6, r7, pc}
1000276a:	4652      	mov	r2, sl
1000276c:	2a00      	cmp	r2, #0
1000276e:	d10f      	bne.n	10002790 <_free_r+0xd4>
10002770:	2201      	movs	r2, #1
10002772:	444b      	add	r3, r9
10002774:	18cf      	adds	r7, r1, r3
10002776:	46bc      	mov	ip, r7
10002778:	68b4      	ldr	r4, [r6, #8]
1000277a:	4f48      	ldr	r7, [pc, #288]	@ (1000289c <_free_r+0x1e0>)
1000277c:	431a      	orrs	r2, r3
1000277e:	42bc      	cmp	r4, r7
10002780:	d05b      	beq.n	1000283a <_free_r+0x17e>
10002782:	68f6      	ldr	r6, [r6, #12]
10002784:	60e6      	str	r6, [r4, #12]
10002786:	60b4      	str	r4, [r6, #8]
10002788:	604a      	str	r2, [r1, #4]
1000278a:	4662      	mov	r2, ip
1000278c:	6013      	str	r3, [r2, #0]
1000278e:	e7d2      	b.n	10002736 <_free_r+0x7a>
10002790:	4662      	mov	r2, ip
10002792:	433a      	orrs	r2, r7
10002794:	604a      	str	r2, [r1, #4]
10002796:	2280      	movs	r2, #128	@ 0x80
10002798:	6033      	str	r3, [r6, #0]
1000279a:	0092      	lsls	r2, r2, #2
1000279c:	4293      	cmp	r3, r2
1000279e:	d3ce      	bcc.n	1000273e <_free_r+0x82>
100027a0:	0a5c      	lsrs	r4, r3, #9
100027a2:	2c04      	cmp	r4, #4
100027a4:	d83f      	bhi.n	10002826 <_free_r+0x16a>
100027a6:	099c      	lsrs	r4, r3, #6
100027a8:	0026      	movs	r6, r4
100027aa:	3439      	adds	r4, #57	@ 0x39
100027ac:	3638      	adds	r6, #56	@ 0x38
100027ae:	00e4      	lsls	r4, r4, #3
100027b0:	1904      	adds	r4, r0, r4
100027b2:	6822      	ldr	r2, [r4, #0]
100027b4:	3c08      	subs	r4, #8
100027b6:	2703      	movs	r7, #3
100027b8:	4294      	cmp	r4, r2
100027ba:	d103      	bne.n	100027c4 <_free_r+0x108>
100027bc:	e04e      	b.n	1000285c <_free_r+0x1a0>
100027be:	6892      	ldr	r2, [r2, #8]
100027c0:	4294      	cmp	r4, r2
100027c2:	d003      	beq.n	100027cc <_free_r+0x110>
100027c4:	6850      	ldr	r0, [r2, #4]
100027c6:	43b8      	bics	r0, r7
100027c8:	4298      	cmp	r0, r3
100027ca:	d8f8      	bhi.n	100027be <_free_r+0x102>
100027cc:	68d4      	ldr	r4, [r2, #12]
100027ce:	60cc      	str	r4, [r1, #12]
100027d0:	608a      	str	r2, [r1, #8]
100027d2:	60a1      	str	r1, [r4, #8]
100027d4:	60d1      	str	r1, [r2, #12]
100027d6:	e7c0      	b.n	1000275a <_free_r+0x9e>
100027d8:	4652      	mov	r2, sl
100027da:	2a00      	cmp	r2, #0
100027dc:	d135      	bne.n	1000284a <_free_r+0x18e>
100027de:	444b      	add	r3, r9
100027e0:	001a      	movs	r2, r3
100027e2:	68b0      	ldr	r0, [r6, #8]
100027e4:	68f3      	ldr	r3, [r6, #12]
100027e6:	4317      	orrs	r7, r2
100027e8:	60c3      	str	r3, [r0, #12]
100027ea:	6098      	str	r0, [r3, #8]
100027ec:	604f      	str	r7, [r1, #4]
100027ee:	508a      	str	r2, [r1, r2]
100027f0:	e7b3      	b.n	1000275a <_free_r+0x9e>
100027f2:	444b      	add	r3, r9
100027f4:	001a      	movs	r2, r3
100027f6:	4643      	mov	r3, r8
100027f8:	2b00      	cmp	r3, #0
100027fa:	d106      	bne.n	1000280a <_free_r+0x14e>
100027fc:	680b      	ldr	r3, [r1, #0]
100027fe:	1ac9      	subs	r1, r1, r3
10002800:	688c      	ldr	r4, [r1, #8]
10002802:	18d2      	adds	r2, r2, r3
10002804:	68cb      	ldr	r3, [r1, #12]
10002806:	60e3      	str	r3, [r4, #12]
10002808:	609c      	str	r4, [r3, #8]
1000280a:	2301      	movs	r3, #1
1000280c:	4313      	orrs	r3, r2
1000280e:	604b      	str	r3, [r1, #4]
10002810:	4b23      	ldr	r3, [pc, #140]	@ (100028a0 <_free_r+0x1e4>)
10002812:	6081      	str	r1, [r0, #8]
10002814:	681b      	ldr	r3, [r3, #0]
10002816:	4293      	cmp	r3, r2
10002818:	d89f      	bhi.n	1000275a <_free_r+0x9e>
1000281a:	4b22      	ldr	r3, [pc, #136]	@ (100028a4 <_free_r+0x1e8>)
1000281c:	0028      	movs	r0, r5
1000281e:	6819      	ldr	r1, [r3, #0]
10002820:	f7ff fef2 	bl	10002608 <_malloc_trim_r>
10002824:	e799      	b.n	1000275a <_free_r+0x9e>
10002826:	2c14      	cmp	r4, #20
10002828:	d913      	bls.n	10002852 <_free_r+0x196>
1000282a:	2c54      	cmp	r4, #84	@ 0x54
1000282c:	d81d      	bhi.n	1000286a <_free_r+0x1ae>
1000282e:	0b1c      	lsrs	r4, r3, #12
10002830:	0026      	movs	r6, r4
10002832:	346f      	adds	r4, #111	@ 0x6f
10002834:	366e      	adds	r6, #110	@ 0x6e
10002836:	00e4      	lsls	r4, r4, #3
10002838:	e7ba      	b.n	100027b0 <_free_r+0xf4>
1000283a:	60e1      	str	r1, [r4, #12]
1000283c:	60a1      	str	r1, [r4, #8]
1000283e:	604a      	str	r2, [r1, #4]
10002840:	4662      	mov	r2, ip
10002842:	60cc      	str	r4, [r1, #12]
10002844:	608c      	str	r4, [r1, #8]
10002846:	6013      	str	r3, [r2, #0]
10002848:	e787      	b.n	1000275a <_free_r+0x9e>
1000284a:	431f      	orrs	r7, r3
1000284c:	604f      	str	r7, [r1, #4]
1000284e:	6033      	str	r3, [r6, #0]
10002850:	e783      	b.n	1000275a <_free_r+0x9e>
10002852:	0026      	movs	r6, r4
10002854:	345c      	adds	r4, #92	@ 0x5c
10002856:	365b      	adds	r6, #91	@ 0x5b
10002858:	00e4      	lsls	r4, r4, #3
1000285a:	e7a9      	b.n	100027b0 <_free_r+0xf4>
1000285c:	2301      	movs	r3, #1
1000285e:	10b6      	asrs	r6, r6, #2
10002860:	40b3      	lsls	r3, r6
10002862:	6846      	ldr	r6, [r0, #4]
10002864:	4333      	orrs	r3, r6
10002866:	6043      	str	r3, [r0, #4]
10002868:	e7b1      	b.n	100027ce <_free_r+0x112>
1000286a:	22aa      	movs	r2, #170	@ 0xaa
1000286c:	0052      	lsls	r2, r2, #1
1000286e:	4294      	cmp	r4, r2
10002870:	d805      	bhi.n	1000287e <_free_r+0x1c2>
10002872:	0bdc      	lsrs	r4, r3, #15
10002874:	0026      	movs	r6, r4
10002876:	3478      	adds	r4, #120	@ 0x78
10002878:	3677      	adds	r6, #119	@ 0x77
1000287a:	00e4      	lsls	r4, r4, #3
1000287c:	e798      	b.n	100027b0 <_free_r+0xf4>
1000287e:	4a0a      	ldr	r2, [pc, #40]	@ (100028a8 <_free_r+0x1ec>)
10002880:	4294      	cmp	r4, r2
10002882:	d805      	bhi.n	10002890 <_free_r+0x1d4>
10002884:	0c9c      	lsrs	r4, r3, #18
10002886:	0026      	movs	r6, r4
10002888:	347d      	adds	r4, #125	@ 0x7d
1000288a:	367c      	adds	r6, #124	@ 0x7c
1000288c:	00e4      	lsls	r4, r4, #3
1000288e:	e78f      	b.n	100027b0 <_free_r+0xf4>
10002890:	24fe      	movs	r4, #254	@ 0xfe
10002892:	267e      	movs	r6, #126	@ 0x7e
10002894:	00a4      	lsls	r4, r4, #2
10002896:	e78b      	b.n	100027b0 <_free_r+0xf4>
10002898:	200001e8 	.word	0x200001e8
1000289c:	200001f0 	.word	0x200001f0
100028a0:	200001e4 	.word	0x200001e4
100028a4:	20000bc4 	.word	0x20000bc4
100028a8:	00000554 	.word	0x00000554

100028ac <_fini>:
100028ac:	b5f8      	push	{r3, r4, r5, r6, r7, lr}
100028ae:	46c0      	nop			@ (mov r8, r8)

100028b0 <__mutex_exit_veneer>:
100028b0:	b401      	push	{r0}
100028b2:	4802      	ldr	r0, [pc, #8]	@ (100028bc <__mutex_exit_veneer+0xc>)
100028b4:	4684      	mov	ip, r0
100028b6:	bc01      	pop	{r0}
100028b8:	4760      	bx	ip
100028ba:	bf00      	nop
100028bc:	20000159 	.word	0x20000159

100028c0 <____aeabi_idiv0_veneer>:
100028c0:	b401      	push	{r0}
100028c2:	4802      	ldr	r0, [pc, #8]	@ (100028cc <____aeabi_idiv0_veneer+0xc>)
100028c4:	4684      	mov	ip, r0
100028c6:	bc01      	pop	{r0}
100028c8:	4760      	bx	ip
100028ca:	bf00      	nop
100028cc:	20000181 	.word	0x20000181

100028d0 <__mutex_try_enter_block_until_veneer>:
100028d0:	b401      	push	{r0}
100028d2:	4802      	ldr	r0, [pc, #8]	@ (100028dc <__mutex_try_enter_block_until_veneer+0xc>)
100028d4:	4684      	mov	ip, r0
100028d6:	bc01      	pop	{r0}
100028d8:	4760      	bx	ip
100028da:	bf00      	nop
100028dc:	200000c1 	.word	0x200000c1

100028e0 <__pre_init_runtime_init_early_resets>:
100028e0:	100015b5                                ....

100028e4 <__pre_init_runtime_init_usb_power_down>:
100028e4:	100015e1 100017c5 10001a49 10001821     ........I...!...
100028f4:	10001995                                ....

100028f8 <__pre_init_runtime_init_clocks>:
100028f8:	100016ed                                ....

100028fc <__pre_init_runtime_init_post_clock_resets>:
100028fc:	100015fd                                ....

10002900 <__pre_init_runtime_init_rp2040_gpio_ie_disable>:
10002900:	1000161d                                ....

10002904 <__pre_init_runtime_init_spin_locks_reset>:
10002904:	10001631                                1...

10002908 <__pre_init_runtime_init_mutex>:
10002908:	10000a8d                                ....

1000290c <__pre_init_runtime_init_install_ram_vector_table>:
1000290c:	10001639                                9...

10002910 <__pre_init_runtime_init_default_alarm_pool>:
10002910:	10000e05                                ....

10002914 <__pre_init_first_per_core_initializer>:
10002914:	1000157d                                }...

10002918 <__pre_init_runtime_init_per_core_irq_priorities>:
10002918:	100009e1                                ....

1000291c <__frame_dummy_init_array_entry>:
1000291c:	100002b1 10000719                       ........

Disassembly of section .data:

200000c0 <mutex_try_enter_block_until>:
200000c0:	b5f0      	push	{r4, r5, r6, r7, lr}
200000c2:	46c6      	mov	lr, r8
200000c4:	0015      	movs	r5, r2
200000c6:	b500      	push	{lr}
200000c8:	0004      	movs	r4, r0
200000ca:	001e      	movs	r6, r3
200000cc:	6802      	ldr	r2, [r0, #0]
200000ce:	f3ef 8110 	mrs	r1, PRIMASK
200000d2:	b672      	cpsid	i
200000d4:	6813      	ldr	r3, [r2, #0]
200000d6:	2b00      	cmp	r3, #0
200000d8:	d0fc      	beq.n	200000d4 <mutex_try_enter_block_until+0x14>
200000da:	f3bf 8f5f 	dmb	sy
200000de:	2304      	movs	r3, #4
200000e0:	56e3      	ldrsb	r3, [r4, r3]
200000e2:	6822      	ldr	r2, [r4, #0]
200000e4:	2b00      	cmp	r3, #0
200000e6:	db2b      	blt.n	20000140 <mutex_try_enter_block_until+0x80>
200000e8:	f3bf 8f5f 	dmb	sy
200000ec:	2000      	movs	r0, #0
200000ee:	6010      	str	r0, [r2, #0]
200000f0:	f381 8810 	msr	PRIMASK, r1
200000f4:	22d0      	movs	r2, #208	@ 0xd0
200000f6:	0612      	lsls	r2, r2, #24
200000f8:	7812      	ldrb	r2, [r2, #0]
200000fa:	2700      	movs	r7, #0
200000fc:	b252      	sxtb	r2, r2
200000fe:	4690      	mov	r8, r2
20000100:	429a      	cmp	r2, r3
20000102:	d10e      	bne.n	20000122 <mutex_try_enter_block_until+0x62>
20000104:	2000      	movs	r0, #0
20000106:	bc80      	pop	{r7}
20000108:	46b8      	mov	r8, r7
2000010a:	bdf0      	pop	{r4, r5, r6, r7, pc}
2000010c:	f3bf 8f5f 	dmb	sy
20000110:	6017      	str	r7, [r2, #0]
20000112:	f381 8810 	msr	PRIMASK, r1
20000116:	0028      	movs	r0, r5
20000118:	0031      	movs	r1, r6
2000011a:	f000 f835 	bl	20000188 <__best_effort_wfe_or_timeout_veneer>
2000011e:	2800      	cmp	r0, #0
20000120:	d1f0      	bne.n	20000104 <mutex_try_enter_block_until+0x44>
20000122:	6822      	ldr	r2, [r4, #0]
20000124:	f3ef 8110 	mrs	r1, PRIMASK
20000128:	b672      	cpsid	i
2000012a:	6813      	ldr	r3, [r2, #0]
2000012c:	2b00      	cmp	r3, #0
2000012e:	d0fc      	beq.n	2000012a <mutex_try_enter_block_until+0x6a>
20000130:	f3bf 8f5f 	dmb	sy
20000134:	7923      	ldrb	r3, [r4, #4]
20000136:	6822      	ldr	r2, [r4, #0]
20000138:	2b7f      	cmp	r3, #127	@ 0x7f
2000013a:	d9e7      	bls.n	2000010c <mutex_try_enter_block_until+0x4c>
2000013c:	4643      	mov	r3, r8
2000013e:	e002      	b.n	20000146 <mutex_try_enter_block_until+0x86>
20000140:	23d0      	movs	r3, #208	@ 0xd0
20000142:	061b      	lsls	r3, r3, #24
20000144:	681b      	ldr	r3, [r3, #0]
20000146:	7123      	strb	r3, [r4, #4]
20000148:	f3bf 8f5f 	dmb	sy
2000014c:	2300      	movs	r3, #0
2000014e:	6013      	str	r3, [r2, #0]
20000150:	f381 8810 	msr	PRIMASK, r1
20000154:	2001      	movs	r0, #1
20000156:	e7d6      	b.n	20000106 <mutex_try_enter_block_until+0x46>

20000158 <mutex_exit>:
20000158:	6802      	ldr	r2, [r0, #0]
2000015a:	f3ef 8110 	mrs	r1, PRIMASK
2000015e:	b672      	cpsid	i
20000160:	6813      	ldr	r3, [r2, #0]
20000162:	2b00      	cmp	r3, #0
20000164:	d0fc      	beq.n	20000160 <mutex_exit+0x8>
20000166:	f3bf 8f5f 	dmb	sy
2000016a:	23ff      	movs	r3, #255	@ 0xff
2000016c:	7103      	strb	r3, [r0, #4]
2000016e:	6803      	ldr	r3, [r0, #0]
20000170:	f3bf 8f5f 	dmb	sy
20000174:	2200      	movs	r2, #0
20000176:	601a      	str	r2, [r3, #0]
20000178:	f381 8810 	msr	PRIMASK, r1
2000017c:	bf40      	sev
2000017e:	4770      	bx	lr

20000180 <__aeabi_idiv0>:
20000180:	4770      	bx	lr
20000182:	46c0      	nop			@ (mov r8, r8)
20000184:	0000      	movs	r0, r0
	...

20000188 <__best_effort_wfe_or_timeout_veneer>:
20000188:	b401      	push	{r0}
2000018a:	4802      	ldr	r0, [pc, #8]	@ (20000194 <__best_effort_wfe_or_timeout_veneer+0xc>)
2000018c:	4684      	mov	ip, r0
2000018e:	bc01      	pop	{r0}
20000190:	4760      	bx	ip
20000192:	bf00      	nop
20000194:	100010f1 	.word	0x100010f1

20000198 <striped_spin_lock_num>:
20000198:	00000010                                ....

2000019c <default_alarm_pool>:
	...
200001b0:	20000800 00000000 00000000 00000000     ... ............

200001c0 <aeabi_bits_funcs>:
200001c0:	00003350 	.word	0x00003350
200001c4:	0000334c 	.word	0x0000334c
200001c8:	00003354 	.word	0x00003354
200001cc:	00003352 	.word	0x00003352

200001d0 <aeabi_bits_funcs_end>:
200001d0:	0000534d 	.word	0x0000534d
200001d4:	0000434d 	.word	0x0000434d
200001d8:	00003453 	.word	0x00003453
200001dc:	00003443 	.word	0x00003443

200001e0 <__malloc_sbrk_base>:
200001e0:	ffffffff                                ....

200001e4 <__malloc_trim_threshold>:
200001e4:	00020000                                ....

200001e8 <__malloc_av_>:
	...
200001f0:	200001e8 200001e8 200001f0 200001f0     ... ... ... ... 
20000200:	200001f8 200001f8 20000200 20000200     ... ... ... ... 
20000210:	20000208 20000208 20000210 20000210     ... ... ... ... 
20000220:	20000218 20000218 20000220 20000220     ... ...  ..  .. 
20000230:	20000228 20000228 20000230 20000230     (.. (.. 0.. 0.. 
20000240:	20000238 20000238 20000240 20000240     8.. 8.. @.. @.. 
20000250:	20000248 20000248 20000250 20000250     H.. H.. P.. P.. 
20000260:	20000258 20000258 20000260 20000260     X.. X.. `.. `.. 
20000270:	20000268 20000268 20000270 20000270     h.. h.. p.. p.. 
20000280:	20000278 20000278 20000280 20000280     x.. x.. ... ... 
20000290:	20000288 20000288 20000290 20000290     ... ... ... ... 
200002a0:	20000298 20000298 200002a0 200002a0     ... ... ... ... 
200002b0:	200002a8 200002a8 200002b0 200002b0     ... ... ... ... 
200002c0:	200002b8 200002b8 200002c0 200002c0     ... ... ... ... 
200002d0:	200002c8 200002c8 200002d0 200002d0     ... ... ... ... 
200002e0:	200002d8 200002d8 200002e0 200002e0     ... ... ... ... 
200002f0:	200002e8 200002e8 200002f0 200002f0     ... ... ... ... 
20000300:	200002f8 200002f8 20000300 20000300     ... ... ... ... 
20000310:	20000308 20000308 20000310 20000310     ... ... ... ... 
20000320:	20000318 20000318 20000320 20000320     ... ...  ..  .. 
20000330:	20000328 20000328 20000330 20000330     (.. (.. 0.. 0.. 
20000340:	20000338 20000338 20000340 20000340     8.. 8.. @.. @.. 
20000350:	20000348 20000348 20000350 20000350     H.. H.. P.. P.. 
20000360:	20000358 20000358 20000360 20000360     X.. X.. `.. `.. 
20000370:	20000368 20000368 20000370 20000370     h.. h.. p.. p.. 
20000380:	20000378 20000378 20000380 20000380     x.. x.. ... ... 
20000390:	20000388 20000388 20000390 20000390     ... ... ... ... 
200003a0:	20000398 20000398 200003a0 200003a0     ... ... ... ... 
200003b0:	200003a8 200003a8 200003b0 200003b0     ... ... ... ... 
200003c0:	200003b8 200003b8 200003c0 200003c0     ... ... ... ... 
200003d0:	200003c8 200003c8 200003d0 200003d0     ... ... ... ... 
200003e0:	200003d8 200003d8 200003e0 200003e0     ... ... ... ... 
200003f0:	200003e8 200003e8 200003f0 200003f0     ... ... ... ... 
20000400:	200003f8 200003f8 20000400 20000400     ... ... ... ... 
20000410:	20000408 20000408 20000410 20000410     ... ... ... ... 
20000420:	20000418 20000418 20000420 20000420     ... ...  ..  .. 
20000430:	20000428 20000428 20000430 20000430     (.. (.. 0.. 0.. 
20000440:	20000438 20000438 20000440 20000440     8.. 8.. @.. @.. 
20000450:	20000448 20000448 20000450 20000450     H.. H.. P.. P.. 
20000460:	20000458 20000458 20000460 20000460     X.. X.. `.. `.. 
20000470:	20000468 20000468 20000470 20000470     h.. h.. p.. p.. 
20000480:	20000478 20000478 20000480 20000480     x.. x.. ... ... 
20000490:	20000488 20000488 20000490 20000490     ... ... ... ... 
200004a0:	20000498 20000498 200004a0 200004a0     ... ... ... ... 
200004b0:	200004a8 200004a8 200004b0 200004b0     ... ... ... ... 
200004c0:	200004b8 200004b8 200004c0 200004c0     ... ... ... ... 
200004d0:	200004c8 200004c8 200004d0 200004d0     ... ... ... ... 
200004e0:	200004d8 200004d8 200004e0 200004e0     ... ... ... ... 
200004f0:	200004e8 200004e8 200004f0 200004f0     ... ... ... ... 
20000500:	200004f8 200004f8 20000500 20000500     ... ... ... ... 
20000510:	20000508 20000508 20000510 20000510     ... ... ... ... 
20000520:	20000518 20000518 20000520 20000520     ... ...  ..  .. 
20000530:	20000528 20000528 20000530 20000530     (.. (.. 0.. 0.. 
20000540:	20000538 20000538 20000540 20000540     8.. 8.. @.. @.. 
20000550:	20000548 20000548 20000550 20000550     H.. H.. P.. P.. 
20000560:	20000558 20000558 20000560 20000560     X.. X.. `.. `.. 
20000570:	20000568 20000568 20000570 20000570     h.. h.. p.. p.. 
20000580:	20000578 20000578 20000580 20000580     x.. x.. ... ... 
20000590:	20000588 20000588 20000590 20000590     ... ... ... ... 
200005a0:	20000598 20000598 200005a0 200005a0     ... ... ... ... 
200005b0:	200005a8 200005a8 200005b0 200005b0     ... ... ... ... 
200005c0:	200005b8 200005b8 200005c0 200005c0     ... ... ... ... 
200005d0:	200005c8 200005c8 200005d0 200005d0     ... ... ... ... 
200005e0:	200005d8 200005d8 200005e0 200005e0     ... ... ... ... 

200005f0 <_impure_ptr>:
200005f0:	200005f8 00000000                       ... ....

200005f8 <_impure_data>:
200005f8:	00000000 20000bc8 20000c30 20000c98     ....... 0.. ... 
	...
20000690:	00000001 00000000 abcd330e e66d1234     .........3..4.m.
200006a0:	0005deec 0000000b 00000000 00000000     ................
	...

200007f8 <print_mutex>:
	...
